PO Number,PO Date,Delivery Dt,Vendor,Vendor Name,PO Header text,Site,Site Name,Article,Article Description,HSN/SAC Code.,         Price,    Quantity,    GRN Qty,Pending Qty,     Net Value,Status,Pending Value,Format,Days,Ageing
5500677562,21.08.2025,28.02.2026,32612015,UNIVERSE FACILITY SOLUTION PVT LTD,HOARDING BACKLIT FABRIC BOARD SCAFFOLDING - TN,T0AH,RRL Trends Erode VIP Shopping Centre,,Scaffolding,995457,49528,1,0,1,49528,Full,49528,Trends,280,More than 90 Days
5141101582,08.12.2025,30.06.2026,11100479,S Media Solutions,TRENDS Logo Change TRENDS - TN,T822,"VR Mall, Chennai",310319013,SLBA HEIGHT  18IN N ABOVE /  BELOW 36IN,94056090,1492,37,0,37,55204,Full,55204,Trends,174,More than 90 Days
5141101582,08.12.2025,30.06.2026,11100479,S Media Solutions,TRENDS Logo Change TRENDS - TN,T822,"VR Mall, Chennai",310314032,SIGN 3 MM ACP CLADDING,83100090,238,80,0,80,19040,Full,19040,Trends,174,More than 90 Days
5141995661,23.12.2025,30.06.2026,11107383,M/s. CREATIVE GRAPHIC PRINTS,Catchments Coupons Pongal <(>&<)> NSO Stores PY,T9BT,RRL Trends Woman Karaikal,310112840,"ART PAPER, 4X2.5IN, 130GSM 4+4 COL",49111010,0.26,5000,0,5000,1300,Full,1300,WIW,159,More than 90 Days
5141995663,23.12.2025,30.06.2026,11107383,M/s. CREATIVE GRAPHIC PRINTS,Catchments Coupons Pongal <(>&<)> NSO Stores TN,5687,Katpadi Main Road,310112840,"ART PAPER, 4X2.5IN, 130GSM 4+4 COL",49111010,0.26,4000,0,4000,1040,Full,1040,Trends,158,More than 90 Days
5141995663,23.12.2025,30.06.2026,11107383,M/s. CREATIVE GRAPHIC PRINTS,Catchments Coupons Pongal <(>&<)> NSO Stores TN,T27S,RRL Trends Chennai Sangeetha Kalyana Mah,310112840,"ART PAPER, 4X2.5IN, 130GSM 4+4 COL",49111010,0.26,3000,0,3000,780,Full,780,Trends,158,More than 90 Days
5141995663,23.12.2025,30.06.2026,11107383,M/s. CREATIVE GRAPHIC PRINTS,Catchments Coupons Pongal <(>&<)> NSO Stores TN,T822,"VR Mall, Chennai",310112840,"ART PAPER, 4X2.5IN, 130GSM 4+4 COL",49111010,0.26,6000,0,6000,1560,Full,1560,Trends,158,More than 90 Days
5141995663,23.12.2025,30.06.2026,11107383,M/s. CREATIVE GRAPHIC PRINTS,Catchments Coupons Pongal <(>&<)> NSO Stores TN,TWRX,TM Kumbakonam,310112840,"ART PAPER, 4X2.5IN, 130GSM 4+4 COL",49111010,0.26,5000,0,5000,1300,Full,1300,Man,158,More than 90 Days
5500722318,30.12.2025,31.03.2026,32622672,RELIANCE PROLIFIC TRADERS PRIVATE L,Space for advertisements ( JAN 2026 TO 31.03.2026),8318,"RIL Mall, Salem",,Space for advertisements MAR 2026,998366,120000,1,0,1,120000,Full,120000,Trends,145,More than 90 Days
5500722318,30.12.2025,31.03.2026,32622672,RELIANCE PROLIFIC TRADERS PRIVATE L,Space for advertisements ( JAN 2026 TO 31.03.2026),8318,"RIL Mall, Salem",,Space for advertisements FEB 2026,998366,120000,1,0,1,120000,Full,120000,Trends,145,More than 90 Days
5500722318,30.12.2025,31.03.2026,32622672,RELIANCE PROLIFIC TRADERS PRIVATE L,Space for advertisements ( JAN 2026 TO 31.03.2026),8318,"RIL Mall, Salem",,Space for advertisements JAN 2026,998366,120000,1,0,1,120000,Full,120000,Trends,145,More than 90 Days
5146363803,09.01.2026,30.06.2026,11107060,MUTHU OFFSET PRINTERS,TRENDS JAN - MAR'26 Coupons,T0E9,RRL Trends Man Puducherry,310160362,"130 GSM ART PAPER 4+ 4 COLOUR 5.31""*2.6""",49111010,0.26,2000,0,2000,520,Full,520,Man,140,More than 90 Days
5146363806,09.01.2026,30.06.2026,11107060,MUTHU OFFSET PRINTERS,TRENDS JAN - MAR'26 Coupons,TY4A,TJ SKLS Galaxy Mall Redhills,310160362,"130 GSM ART PAPER 4+ 4 COLOUR 5.31""*2.6""",49111010,0.26,2000,0,2000,520,Full,520,Junior,140,More than 90 Days
5146363806,09.01.2026,30.06.2026,11107060,MUTHU OFFSET PRINTERS,TRENDS JAN - MAR'26 Coupons,TY35,TM-MOGAPPAIR,310160362,"130 GSM ART PAPER 4+ 4 COLOUR 5.31""*2.6""",49111010,0.26,4000,0,4000,1040,Full,1040,Junior,140,More than 90 Days
5146363806,09.01.2026,30.06.2026,11107060,MUTHU OFFSET PRINTERS,TRENDS JAN - MAR'26 Coupons,TY34,TW-MOGAPPAIR,310160362,"130 GSM ART PAPER 4+ 4 COLOUR 5.31""*2.6""",49111010,0.26,4000,0,4000,1040,Full,1040,WIW,140,More than 90 Days
5146363806,09.01.2026,30.06.2026,11107060,MUTHU OFFSET PRINTERS,TRENDS JAN - MAR'26 Coupons,TM4L,RRL Trends Vandavasi JAI AKASH Tower,310160362,"130 GSM ART PAPER 4+ 4 COLOUR 5.31""*2.6""",49111010,0.26,5000,0,5000,1300,Full,1300,Trends,140,More than 90 Days
5146363806,09.01.2026,30.06.2026,11107060,MUTHU OFFSET PRINTERS,TRENDS JAN - MAR'26 Coupons,TFK9,TW-REDHILLS,310160362,"130 GSM ART PAPER 4+ 4 COLOUR 5.31""*2.6""",49111010,0.26,2000,0,2000,520,Full,520,WIW,140,More than 90 Days
5146363804,09.01.2026,30.06.2026,11107383,M/s. CREATIVE GRAPHIC PRINTS,TRENDS JAN - MAR'26 Coupons,TX41,RRL Trends Coimbatore Thudiyalur,310160362,"130 GSM ART PAPER 4+ 4 COLOUR 5.31""*2.6""",49111010,0.26,7000,0,7000,1820,Full,1820,Trends,140,More than 90 Days
5147908636,21.01.2026,30.06.2026,11105735,Sign Ocean,Additional Visibility (TQ14) - TN,TQ14,Trends Chennai Mudichur,310081560,DOUBLE SIDED NEW BACKLIT FLAG POLES,94056100,7000,2,0,2,14000,Full,14000,Trends,131,More than 90 Days
5145526333,20.01.2026,30.06.2026,11105735,Sign Ocean," Visibility - Padur, Thoraipakkam, Ambattur <(>&<)",TSN8,RRL Trends Chennai Padur,310119636,"SIGN,TOTEM,BL,MS,ACP,D/S,FLX,PRN",94056100,58000,1,0,1,58000,Full,58000,Trends,130,More than 90 Days
5500728274,03.02.2026,31.03.2026,11107060,MUTHU OFFSET PRINTERS,Trends Dec'25 TO Feb'26 Coupon transportations TN,Z455,HO,,Trends Dec'25 TO Feb'26 Coupon transport,996519,80800,1,0,1,80800,Full,80800,HO - Others,101,More than 90 Days
5152548632,23.02.2026,30.06.2026,11105735,Sign Ocean,SS'26 Visual Change Over Prints - TN,T0E9,RRL Trends Man Puducherry,310116596,FL LATEX VINYL SA PRINT (BRANDED),49111010,35.5,21,0,21,745.5,Full,745.5,Man,92,More than 90 Days
5153094183,25.02.2026,30.06.2026,11105735,Sign Ocean,College activation Feb 2026 - TN,TA12,"RIL Mall, Iyyapanthangal",310084932,"MS FRAME 1""X1"" 5KG",83081021,35,64,0,64,2240,Full,2240,Trends,92,More than 90 Days
5153094183,25.02.2026,30.06.2026,11105735,Sign Ocean,College activation Feb 2026 - TN,TA12,"RIL Mall, Iyyapanthangal",310116583,FL ECO SOLV  FLEX BLACK BK PRNT (UNBRD),49111010,25.5,64,0,64,1632,Full,1632,Trends,92,More than 90 Days
5153094183,25.02.2026,30.06.2026,11105735,Sign Ocean,College activation Feb 2026 - TN,TA12,"RIL Mall, Iyyapanthangal",310084932,"MS FRAME 1""X1"" 5KG",83081021,35,32,0,32,1120,Full,1120,Trends,92,More than 90 Days
5153094183,25.02.2026,30.06.2026,11105735,Sign Ocean,College activation Feb 2026 - TN,TA12,"RIL Mall, Iyyapanthangal",310073781,PRINT-ECOSOLVENT-ON 5MM SUNBOARD,49111010,51.5,32,0,32,1648,Full,1648,Trends,92,More than 90 Days
5152548637,23.02.2026,30.06.2026,32700244,BLUE SKY,SS'26 Visual Change Over Prints - TN,TV43,RRL Trends Trichy Srirangam,310116550,FL ECO SOLVENT FLEX BLACK BK PRNS STAR,49111010,30.5,191,0,191,5825.5,Full,5825.5,Trends,92,More than 90 Days
5152548637,23.02.2026,30.06.2026,32700244,BLUE SKY,SS'26 Visual Change Over Prints - TN,TT87,"Trichy KK Nagar, TRICHY",310116553,BL FLEX ECOSOLVENT PRINTS (STAR),49111010,43.5,160,0,160,6960,Full,6960,Trends,92,More than 90 Days
5152548637,23.02.2026,30.06.2026,32700244,BLUE SKY,SS'26 Visual Change Over Prints - TN,TPU7,RRL TST Pattukottai,310116553,BL FLEX ECOSOLVENT PRINTS (STAR),49111010,43.5,263,0,263,11440.5,Full,11440.5,TST,92,More than 90 Days
5152548637,23.02.2026,30.06.2026,32700244,BLUE SKY,SS'26 Visual Change Over Prints - TN,TFM9,RRL TST Tenkasi,310116550,FL ECO SOLVENT FLEX BLACK BK PRNS STAR,49111010,30.5,372,0,372,11346,Full,11346,TST,92,More than 90 Days
5152548637,23.02.2026,30.06.2026,32700244,BLUE SKY,SS'26 Visual Change Over Prints - TN,TAK5,RRLTW Bibikulam Madurai,310116553,BL FLEX ECOSOLVENT PRINTS (STAR),49111010,43.5,289,0,289,12571.5,Full,12571.5,WIW,92,More than 90 Days
5152548637,23.02.2026,30.06.2026,32700244,BLUE SKY,SS'26 Visual Change Over Prints - TN,8118,Sal center,310116607,FL LATEX VINYL SA PRINT W LAM,39199090,41.5,173,0,173,7179.5,Full,7179.5,Trends,92,More than 90 Days
5152548636,23.02.2026,30.06.2026,32615517,VMS EQUIPMENTS,SS'26 Visual Change Over Prints - TN,TWSM,TW Karumandapam,310116553,BL FLEX ECOSOLVENT PRINTS (STAR),49111010,43.5,30,0,30,1305,Full,1305,WIW,92,More than 90 Days
5152548636,23.02.2026,30.06.2026,32615517,VMS EQUIPMENTS,SS'26 Visual Change Over Prints - TN,9654,"T.V Samy Road, R.S Puram",310116553,BL FLEX ECOSOLVENT PRINTS (STAR),49111010,43.5,64,32,32,2784,Partial,1392,WIW,92,More than 90 Days
5152548635,23.02.2026,30.06.2026,32615487,DINESH ADS,SS'26 Visual Change Over Prints - TN,TWSF,TW RM Colony Dindigul,310116553,BL FLEX ECOSOLVENT PRINTS (STAR),49111010,43.5,80,0,80,3480,Full,3480,WIW,92,More than 90 Days
5152548635,23.02.2026,30.06.2026,32615487,DINESH ADS,SS'26 Visual Change Over Prints - TN,TU58,RRL Trends Salem,310116567,BL UV  FABRIC PRNS  WITH SILICON,49111010,73.5,80,0,80,5880,Full,5880,Trends,92,More than 90 Days
5152548635,23.02.2026,30.06.2026,32615487,DINESH ADS,SS'26 Visual Change Over Prints - TN,TU58,RRL Trends Salem,310116553,BL FLEX ECOSOLVENT PRINTS (STAR),49111010,43.5,216,0,216,9396,Full,9396,Trends,92,More than 90 Days
5152548635,23.02.2026,30.06.2026,32615487,DINESH ADS,SS'26 Visual Change Over Prints - TN,TU58,RRL Trends Salem,310116550,FL ECO SOLVENT FLEX BLACK BK PRNS STAR,49111010,30.5,181,0,181,5520.5,Full,5520.5,Trends,92,More than 90 Days
5152548635,23.02.2026,30.06.2026,32615487,DINESH ADS,SS'26 Visual Change Over Prints - TN,TTK9,RRL TST Edappadi,310116553,BL FLEX ECOSOLVENT PRINTS (STAR),49111010,43.5,90,0,90,3915,Full,3915,TST,92,More than 90 Days
5152548635,23.02.2026,30.06.2026,32615487,DINESH ADS,SS'26 Visual Change Over Prints - TN,TSW5,RRL TST Omalur,310116553,BL FLEX ECOSOLVENT PRINTS (STAR),49111010,43.5,60,0,60,2610,Full,2610,TST,92,More than 90 Days
5152548635,23.02.2026,30.06.2026,32615487,DINESH ADS,SS'26 Visual Change Over Prints - TN,TP80,"TST Old Katchery Street, Velur Main Road",310116553,BL FLEX ECOSOLVENT PRINTS (STAR),49111010,43.5,60,0,60,2610,Full,2610,TST,92,More than 90 Days
5152548635,23.02.2026,30.06.2026,32615487,DINESH ADS,SS'26 Visual Change Over Prints - TN,TP80,"TST Old Katchery Street, Velur Main Road",310116550,FL ECO SOLVENT FLEX BLACK BK PRNS STAR,49111010,30.5,196,0,196,5978,Full,5978,TST,92,More than 90 Days
5152548635,23.02.2026,30.06.2026,32615487,DINESH ADS,SS'26 Visual Change Over Prints - TN,TMK3,RRL Trends Dindigul,310116553,BL FLEX ECOSOLVENT PRINTS (STAR),49111010,43.5,48,0,48,2088,Full,2088,Trends,92,More than 90 Days
5152548635,23.02.2026,30.06.2026,32615487,DINESH ADS,SS'26 Visual Change Over Prints - TN,TJQ0,RRL TJ-MEYYANUR ROAD,310116553,BL FLEX ECOSOLVENT PRINTS (STAR),49111010,43.5,40,0,40,1740,Full,1740,Junior,92,More than 90 Days
5152548635,23.02.2026,30.06.2026,32615487,DINESH ADS,SS'26 Visual Change Over Prints - TN,TJQ0,RRL TJ-MEYYANUR ROAD,310116550,FL ECO SOLVENT FLEX BLACK BK PRNS STAR,49111010,30.5,18,0,18,549,Full,549,Junior,92,More than 90 Days
5152548635,23.02.2026,30.06.2026,32615487,DINESH ADS,SS'26 Visual Change Over Prints - TN,TJQ0,RRL TJ-MEYYANUR ROAD,310073781,PRINT-ECOSOLVENT-ON 5MM SUNBOARD,49111010,51.5,11,0,11,566.5,Full,566.5,Junior,92,More than 90 Days
5152548635,23.02.2026,30.06.2026,32615487,DINESH ADS,SS'26 Visual Change Over Prints - TN,TJM7,RRL TM-MEYYANUR ROAD,310116553,BL FLEX ECOSOLVENT PRINTS (STAR),49111010,43.5,64,0,64,2784,Full,2784,Man,92,More than 90 Days
5152548635,23.02.2026,30.06.2026,32615487,DINESH ADS,SS'26 Visual Change Over Prints - TN,8116,RTL Karur Store,310116553,BL FLEX ECOSOLVENT PRINTS (STAR),49111010,43.5,267,0,267,11614.5,Full,11614.5,Trends,92,More than 90 Days
5152548634,23.02.2026,30.06.2026,11105735,Sign Ocean,SS'26 Visual Change Over Prints - TN,TWSE,TW Ramnagar Madipakkam,310116553,BL FLEX ECOSOLVENT PRINTS (STAR),49111010,43.5,96,0,96,4176,Full,4176,WIW,92,More than 90 Days
5152548634,23.02.2026,30.06.2026,11105735,Sign Ocean,SS'26 Visual Change Over Prints - TN,TWSE,TW Ramnagar Madipakkam,310116550,FL ECO SOLVENT FLEX BLACK BK PRNS STAR,49111010,30.5,175,0,175,5337.5,Full,5337.5,WIW,92,More than 90 Days
5152548634,23.02.2026,30.06.2026,11105735,Sign Ocean,SS'26 Visual Change Over Prints - TN,TWPT,RRL Trends Kancheepuram,310116567,BL UV  FABRIC PRNS  WITH SILICON,49111010,73.5,54,0,54,3969,Full,3969,Trends,92,More than 90 Days
5152548634,23.02.2026,30.06.2026,11105735,Sign Ocean,SS'26 Visual Change Over Prints - TN,TW17,RRL Trends Chennai OMR,310116553,BL FLEX ECOSOLVENT PRINTS (STAR),49111010,43.5,80,0,80,3480,Full,3480,Trends,92,More than 90 Days
5152548634,23.02.2026,30.06.2026,11105735,Sign Ocean,SS'26 Visual Change Over Prints - TN,TME3,RRL TST Virudhachalam,310116553,BL FLEX ECOSOLVENT PRINTS (STAR),49111010,43.5,109,0,109,4741.5,Full,4741.5,TST,92,More than 90 Days
5152548634,23.02.2026,30.06.2026,11105735,Sign Ocean,SS'26 Visual Change Over Prints - TN,TG69,RRL Trends Perumbakkam Chennai,310116567,BL UV  FABRIC PRNS  WITH SILICON,49111010,73.5,80,0,80,5880,Full,5880,Trends,92,More than 90 Days
5152548634,23.02.2026,30.06.2026,11105735,Sign Ocean,SS'26 Visual Change Over Prints - TN,TB26,RRL Trends Anna Nagar Chennai,310116553,BL FLEX ECOSOLVENT PRINTS (STAR),49111010,43.5,48,0,48,2088,Full,2088,Trends,92,More than 90 Days
5152548634,23.02.2026,30.06.2026,11105735,Sign Ocean,SS'26 Visual Change Over Prints - TN,TA1M,RRL TRENDS Pattumangalam Street Mayi,310116567,BL UV  FABRIC PRNS  WITH SILICON,49111010,73.5,48,0,48,3528,Full,3528,Trends,92,More than 90 Days
5152548633,23.02.2026,30.06.2026,11105735,Sign Ocean,SS'26 Visual Change Over Prints - TN,T990,RRL  Trends  Chengalpattu,310116553,BL FLEX ECOSOLVENT PRINTS (STAR),49111010,43.5,160,0,160,6960,Full,6960,Trends,92,More than 90 Days
5152548633,23.02.2026,30.06.2026,11105735,Sign Ocean,SS'26 Visual Change Over Prints - TN,T508,"Redhills Road, Ambattur",310116553,BL FLEX ECOSOLVENT PRINTS (STAR),49111010,43.5,48,0,48,2088,Full,2088,WIW,92,More than 90 Days
5152548633,23.02.2026,30.06.2026,11105735,Sign Ocean,SS'26 Visual Change Over Prints - TN,T508,"Redhills Road, Ambattur",310116550,FL ECO SOLVENT FLEX BLACK BK PRNS STAR,49111010,30.5,150,0,150,4575,Full,4575,WIW,92,More than 90 Days
5152548633,23.02.2026,30.06.2026,11105735,Sign Ocean,SS'26 Visual Change Over Prints - TN,T27S,RRL Trends Chennai Sangeetha Kalyana Mah,310116553,BL FLEX ECOSOLVENT PRINTS (STAR),49111010,43.5,90,0,90,3915,Full,3915,Trends,92,More than 90 Days
5152548633,23.02.2026,30.06.2026,11105735,Sign Ocean,SS'26 Visual Change Over Prints - TN,T27S,RRL Trends Chennai Sangeetha Kalyana Mah,310116550,FL ECO SOLVENT FLEX BLACK BK PRNS STAR,49111010,30.5,720,0,720,21960,Full,21960,Trends,92,More than 90 Days
5152548633,23.02.2026,30.06.2026,11105735,Sign Ocean,SS'26 Visual Change Over Prints - TN,9428,Velachery Main Road,310116550,FL ECO SOLVENT FLEX BLACK BK PRNS STAR,49111010,30.5,263,0,263,8021.5,Full,8021.5,Trends,92,More than 90 Days
5152548633,23.02.2026,30.06.2026,11105735,Sign Ocean,SS'26 Visual Change Over Prints - TN,8113,Thiruvanmiyur,310116567,BL UV  FABRIC PRNS  WITH SILICON,49111010,73.5,360,0,360,26460,Full,26460,Trends,92,More than 90 Days
5152548633,23.02.2026,30.06.2026,11105735,Sign Ocean,SS'26 Visual Change Over Prints - TN,8111,"TH Road, Chennai",310116567,BL UV  FABRIC PRNS  WITH SILICON,49111010,73.5,128,0,128,9408,Full,9408,Trends,92,More than 90 Days
5152548633,23.02.2026,30.06.2026,11105735,Sign Ocean,SS'26 Visual Change Over Prints - TN,8111,"TH Road, Chennai",310116564,FL UV  FABRIC PRNS  WITH SILICON,49111010,57,100,0,100,5700,Full,5700,Trends,92,More than 90 Days
5152548633,23.02.2026,30.06.2026,11105735,Sign Ocean,SS'26 Visual Change Over Prints - TN,5844,Avadi,310116567,BL UV  FABRIC PRNS  WITH SILICON,49111010,73.5,440,0,440,32340,Full,32340,Trends,92,More than 90 Days
5152548633,23.02.2026,30.06.2026,11105735,Sign Ocean,SS'26 Visual Change Over Prints - TN,5844,Avadi,310116550,FL ECO SOLVENT FLEX BLACK BK PRNS STAR,49111010,30.5,300,0,300,9150,Full,9150,Trends,92,More than 90 Days
5153947548,26.02.2026,30.06.2026,11107060,MUTHU OFFSET PRINTERS,Catchment Coupons- Mar'26,T0E9,RRL Trends Man Puducherry,310112840,"ART PAPER, 4X2.5IN, 130GSM 4+4 COL",49111010,0.32,2200,0,2200,704,Full,704,Man,91,More than 90 Days
5153947547,26.02.2026,30.06.2026,11107060,MUTHU OFFSET PRINTERS,Catchment Coupons- Mar'26,TJM1,RRL TW-JN STREET,310112840,"ART PAPER, 4X2.5IN, 130GSM 4+4 COL",49111010,0.32,2500,0,2500,800,Full,800,WIW,91,More than 90 Days
5500727417,25.02.2026,31.05.2026,11105735,Sign Ocean,College activation Feb 2026 - TN,TA12,"RIL Mall, Iyyapanthangal",,College activation Feb 2026 - TN,998596,1056,1,0,1,1056,Full,1056,Trends,91,More than 90 Days
5500727417,25.02.2026,31.05.2026,11105735,Sign Ocean,College activation Feb 2026 - TN,TA12,"RIL Mall, Iyyapanthangal",,College activation Feb 2026 - TN,998596,2420,1,0,1,2420,Full,2420,Trends,91,More than 90 Days
5500727417,25.02.2026,31.05.2026,11105735,Sign Ocean,College activation Feb 2026 - TN,TH36,RRL Trends Guduvancherry Chenn,,College activation Feb 2026 - TN,998596,3630,1,0,1,3630,Full,3630,Trends,91,More than 90 Days
5500727417,25.02.2026,31.05.2026,11105735,Sign Ocean,College activation Feb 2026 - TN,TXYQ,RRL TST Ponneri,,College activation Feb 2026 - TN,998596,1100,1,0,1,1100,Full,1100,TST,91,More than 90 Days
5153947548,26.02.2026,30.06.2026,11107060,MUTHU OFFSET PRINTERS,Catchment Coupons- Mar'26,TY35,TM-MOGAPPAIR,310112840,"ART PAPER, 4X2.5IN, 130GSM 4+4 COL",49111010,0.32,2200,0,2200,704,Full,704,Junior,91,More than 90 Days
5153947548,26.02.2026,30.06.2026,11107060,MUTHU OFFSET PRINTERS,Catchment Coupons- Mar'26,TY34,TW-MOGAPPAIR,310112840,"ART PAPER, 4X2.5IN, 130GSM 4+4 COL",49111010,0.32,2200,0,2200,704,Full,704,WIW,91,More than 90 Days
5153947548,26.02.2026,30.06.2026,11107060,MUTHU OFFSET PRINTERS,Catchment Coupons- Mar'26,TWSF,TW RM Colony Dindigul,310112840,"ART PAPER, 4X2.5IN, 130GSM 4+4 COL",49111010,0.32,2200,0,2200,704,Full,704,WIW,91,More than 90 Days
5153947548,26.02.2026,30.06.2026,11107060,MUTHU OFFSET PRINTERS,Catchment Coupons- Mar'26,TWSB,TW Kodungaiyur,310112840,"ART PAPER, 4X2.5IN, 130GSM 4+4 COL",49111010,0.32,2200,0,2200,704,Full,704,WIW,91,More than 90 Days
5153947548,26.02.2026,30.06.2026,11107060,MUTHU OFFSET PRINTERS,Catchment Coupons- Mar'26,TTF5,TW Kumbakonam,310112840,"ART PAPER, 4X2.5IN, 130GSM 4+4 COL",49111010,0.32,2200,0,2200,704,Full,704,WIW,91,More than 90 Days
5153947548,26.02.2026,30.06.2026,11107060,MUTHU OFFSET PRINTERS,Catchment Coupons- Mar'26,TTF1,TW Race Course Road,310112840,"ART PAPER, 4X2.5IN, 130GSM 4+4 COL",49111010,0.32,2200,0,2200,704,Full,704,WIW,91,More than 90 Days
5153947548,26.02.2026,30.06.2026,11107060,MUTHU OFFSET PRINTERS,Catchment Coupons- Mar'26,TMA6,RRL TJ Forum Vijaya Mall,310112840,"ART PAPER, 4X2.5IN, 130GSM 4+4 COL",49111010,0.32,2500,0,2500,800,Full,800,Junior,91,More than 90 Days
5153947548,26.02.2026,30.06.2026,11107060,MUTHU OFFSET PRINTERS,Catchment Coupons- Mar'26,TJQ6,RRL TW-KUMARAN ROAD,310112840,"ART PAPER, 4X2.5IN, 130GSM 4+4 COL",49111010,0.32,2200,0,2200,704,Full,704,WIW,91,More than 90 Days
5154412124,03.03.2026,30.06.2026,11107060,MUTHU OFFSET PRINTERS,Door Tags March 26,TU41,"Bharathiyar Road, Karaikal",310292381,"300 GSM MATT ART CARD,4+0 COL,CUTTOSIZE",48219090,0.35,2000,0,2000,700,Full,700,Trends,89,61 to 90 Days
5154412124,03.03.2026,30.06.2026,11107060,MUTHU OFFSET PRINTERS,Door Tags March 26,TDY2,RRL Trends Pondicherry,310292381,"300 GSM MATT ART CARD,4+0 COL,CUTTOSIZE",48219090,0.35,2000,0,2000,700,Full,700,Trends,89,61 to 90 Days
5154412124,03.03.2026,30.06.2026,11107060,MUTHU OFFSET PRINTERS,Door Tags March 26,1966,Providence Mall,310292381,"300 GSM MATT ART CARD,4+0 COL,CUTTOSIZE",48219090,0.35,2000,0,2000,700,Full,700,Trends,89,61 to 90 Days
5154412125,03.03.2026,30.06.2026,11107060,MUTHU OFFSET PRINTERS,Door Tags March 26,TX41,RRL Trends Coimbatore Thudiyalur,310292381,"300 GSM MATT ART CARD,4+0 COL,CUTTOSIZE",48219090,0.35,2000,0,2000,700,Full,700,Trends,89,61 to 90 Days
5154412125,03.03.2026,30.06.2026,11107060,MUTHU OFFSET PRINTERS,Door Tags March 26,TWUY,RRL TST Palacode,310292381,"300 GSM MATT ART CARD,4+0 COL,CUTTOSIZE",48219090,0.35,2000,0,2000,700,Full,700,TST,89,61 to 90 Days
5154412125,03.03.2026,30.06.2026,11107060,MUTHU OFFSET PRINTERS,Door Tags March 26,TWQE,RRL TRENDS Arunachala Road Saligrammam,310292381,"300 GSM MATT ART CARD,4+0 COL,CUTTOSIZE",48219090,0.35,2000,0,2000,700,Full,700,Trends,89,61 to 90 Days
5154412125,03.03.2026,30.06.2026,11107060,MUTHU OFFSET PRINTERS,Door Tags March 26,TTK9,RRL TST Edappadi,310292381,"300 GSM MATT ART CARD,4+0 COL,CUTTOSIZE",48219090,0.35,2000,0,2000,700,Full,700,TST,89,61 to 90 Days
5154412125,03.03.2026,30.06.2026,11107060,MUTHU OFFSET PRINTERS,Door Tags March 26,TT87,"Trichy KK Nagar, TRICHY",310292381,"300 GSM MATT ART CARD,4+0 COL,CUTTOSIZE",48219090,0.35,2000,0,2000,700,Full,700,Trends,89,61 to 90 Days
5154412125,03.03.2026,30.06.2026,11107060,MUTHU OFFSET PRINTERS,Door Tags March 26,TSW5,RRL TST Omalur,310292381,"300 GSM MATT ART CARD,4+0 COL,CUTTOSIZE",48219090,0.35,2000,0,2000,700,Full,700,TST,89,61 to 90 Days
5154412125,03.03.2026,30.06.2026,11107060,MUTHU OFFSET PRINTERS,Door Tags March 26,TO63,"TST Kunnathur road, Perundurai",310292381,"300 GSM MATT ART CARD,4+0 COL,CUTTOSIZE",48219090,0.35,2000,0,2000,700,Full,700,TST,89,61 to 90 Days
5154412125,03.03.2026,30.06.2026,11107060,MUTHU OFFSET PRINTERS,Door Tags March 26,TM4L,RRL Trends Vandavasi JAI AKASH Tower,310292381,"300 GSM MATT ART CARD,4+0 COL,CUTTOSIZE",48219090,0.35,2000,0,2000,700,Full,700,Trends,89,61 to 90 Days
5154412125,03.03.2026,30.06.2026,11107060,MUTHU OFFSET PRINTERS,Door Tags March 26,TJE1,RRL TST Podanur,310292381,"300 GSM MATT ART CARD,4+0 COL,CUTTOSIZE",48219090,0.35,2000,0,2000,700,Full,700,TST,89,61 to 90 Days
5154412125,03.03.2026,30.06.2026,11107060,MUTHU OFFSET PRINTERS,Door Tags March 26,TG6N,RRL Trends Chennai Aerohub,310292381,"300 GSM MATT ART CARD,4+0 COL,CUTTOSIZE",48219090,0.35,2000,0,2000,700,Full,700,Trends,89,61 to 90 Days
5154412125,03.03.2026,30.06.2026,11107060,MUTHU OFFSET PRINTERS,Door Tags March 26,TA1M,RRL TRENDS Pattumangalam Street Mayi,310292381,"300 GSM MATT ART CARD,4+0 COL,CUTTOSIZE",48219090,0.35,2000,0,2000,700,Full,700,Trends,89,61 to 90 Days
5154412125,03.03.2026,30.06.2026,11107060,MUTHU OFFSET PRINTERS,Door Tags March 26,T83G,RRL Trends Chennai NCBS Colony,310292381,"300 GSM MATT ART CARD,4+0 COL,CUTTOSIZE",48219090,0.35,2000,0,2000,700,Full,700,Trends,89,61 to 90 Days
5154412125,03.03.2026,30.06.2026,11107060,MUTHU OFFSET PRINTERS,Door Tags March 26,T35G,RRL TST Sathiyamangalam,310292381,"300 GSM MATT ART CARD,4+0 COL,CUTTOSIZE",48219090,0.35,2000,0,2000,700,Full,700,TST,89,61 to 90 Days
5154412125,03.03.2026,30.06.2026,11107060,MUTHU OFFSET PRINTERS,Door Tags March 26,FR2C,TV Chennai Omr Road,310292381,"300 GSM MATT ART CARD,4+0 COL,CUTTOSIZE",48219090,0.35,2000,0,2000,700,Full,700,Trends Value,89,61 to 90 Days
5154412125,03.03.2026,30.06.2026,11107060,MUTHU OFFSET PRINTERS,Door Tags March 26,9584,Vivira Mall,310292381,"300 GSM MATT ART CARD,4+0 COL,CUTTOSIZE",48219090,0.35,2000,0,2000,700,Full,700,Trends,89,61 to 90 Days
5154412125,03.03.2026,30.06.2026,11107060,MUTHU OFFSET PRINTERS,Door Tags March 26,8112,T Nagar Chennai,310292381,"300 GSM MATT ART CARD,4+0 COL,CUTTOSIZE",48219090,0.35,2000,0,2000,700,Full,700,Trends,89,61 to 90 Days
5154412125,03.03.2026,30.06.2026,11107060,MUTHU OFFSET PRINTERS,Door Tags March 26,5793,"Nalli's Property, Kancheepuram ",310292381,"300 GSM MATT ART CARD,4+0 COL,CUTTOSIZE",48219090,0.35,2000,0,2000,700,Full,700,Trends,89,61 to 90 Days
5154412125,03.03.2026,30.06.2026,11107060,MUTHU OFFSET PRINTERS,Door Tags March 26,1990,"Madipakkam, Chennai",310292381,"300 GSM MATT ART CARD,4+0 COL,CUTTOSIZE",48219090,0.35,2000,0,2000,700,Full,700,Trends,89,61 to 90 Days
5500742520,03.03.2026,30.04.2026,32612015,UNIVERSE FACILITY SOLUTION PVT LTD,SS'26 VC Scaffolding TN,8118,Sal center,,Scaffolding,995457,14194,1,0,1,14194,Full,14194,Trends,83,61 to 90 Days
5500742520,03.03.2026,30.04.2026,32612015,UNIVERSE FACILITY SOLUTION PVT LTD,SS'26 VC Scaffolding TN,8116,RTL Karur Store,,Scaffolding,995457,9362,1,0,1,9362,Full,9362,Trends,83,61 to 90 Days
5500742520,03.03.2026,30.04.2026,32612015,UNIVERSE FACILITY SOLUTION PVT LTD,SS'26 VC Scaffolding TN,8111,"TH Road, Chennai",,Scaffolding,995457,14194,1,0,1,14194,Full,14194,Trends,83,61 to 90 Days
5500742520,03.03.2026,30.04.2026,32612015,UNIVERSE FACILITY SOLUTION PVT LTD,SS'26 VC Scaffolding TN,5844,Avadi,,Scaffolding,995457,27180,1,0,1,27180,Full,27180,Trends,83,61 to 90 Days
5500742520,03.03.2026,30.04.2026,32612015,UNIVERSE FACILITY SOLUTION PVT LTD,SS'26 VC Scaffolding TN,1930,"RIL MALL , Tirunelvelli",,Scaffolding,995457,27180,1,0,1,27180,Full,27180,Trends,83,61 to 90 Days
5500718894,05.03.2026,30.04.2026,32612015,UNIVERSE FACILITY SOLUTION PVT LTD,SS'26 VC Scaffolding TN,8318,"RIL Mall, Salem",,Scaffolding,995457,39562,1,0,1,39562,Full,39562,Trends,83,61 to 90 Days
5500718894,05.03.2026,30.04.2026,32612015,UNIVERSE FACILITY SOLUTION PVT LTD,SS'26 VC Scaffolding TN,T0S3,RRL Trends Tiruppur Nochipalayam,,Scaffolding,995457,50434,1,0,1,50434,Full,50434,Trends,83,61 to 90 Days
5500718894,05.03.2026,30.04.2026,32612015,UNIVERSE FACILITY SOLUTION PVT LTD,SS'26 VC Scaffolding TN,T1BF,RRL Trends Purasawalkam,,Scaffolding,995457,16912,1,0,1,16912,Full,16912,Trends,83,61 to 90 Days
5500718894,05.03.2026,30.04.2026,32612015,UNIVERSE FACILITY SOLUTION PVT LTD,SS'26 VC Scaffolding TN,T41J,RRL TST Kotagiri,,Scaffolding,995457,13590,1,0,1,13590,Full,13590,TST,83,61 to 90 Days
5500718894,05.03.2026,30.04.2026,32612015,UNIVERSE FACILITY SOLUTION PVT LTD,SS'26 VC Scaffolding TN,T503,"RIL Mall, Nagercoil",,Scaffolding,995457,22046,1,0,1,22046,Full,22046,Trends,83,61 to 90 Days
5500718894,05.03.2026,30.04.2026,32612015,UNIVERSE FACILITY SOLUTION PVT LTD,SS'26 VC Scaffolding TN,T558,Thillai Nagar,,Scaffolding,995457,9966,1,0,1,9966,Full,9966,WIW,83,61 to 90 Days
5500718894,05.03.2026,30.04.2026,32612015,UNIVERSE FACILITY SOLUTION PVT LTD,SS'26 VC Scaffolding TN,T9CL,RRL Trends Woman Tanjore P.R.Plaza,,Scaffolding,995457,19026,1,0,1,19026,Full,19026,WIW,83,61 to 90 Days
5500718895,05.03.2026,30.04.2026,32612015,UNIVERSE FACILITY SOLUTION PVT LTD,SS'26 VC Scaffolding TN,TAK5,RRLTW Bibikulam Madurai,,Scaffolding,995457,16308,1,0,1,16308,Full,16308,WIW,83,61 to 90 Days
5500718895,05.03.2026,30.04.2026,32612015,UNIVERSE FACILITY SOLUTION PVT LTD,SS'26 VC Scaffolding TN,TFM9,RRL TST Tenkasi,,Scaffolding,995457,16912,1,0,1,16912,Full,16912,TST,83,61 to 90 Days
5500718895,05.03.2026,30.04.2026,32612015,UNIVERSE FACILITY SOLUTION PVT LTD,SS'26 VC Scaffolding TN,TJQ6,RRL TW-KUMARAN ROAD,,Scaffolding,995457,10268,1,0,1,10268,Full,10268,WIW,83,61 to 90 Days
5500718895,05.03.2026,30.04.2026,32612015,UNIVERSE FACILITY SOLUTION PVT LTD,SS'26 VC Scaffolding TN,TME3,RRL TST Virudhachalam,,Scaffolding,995457,10872,1,0,1,10872,Full,10872,TST,83,61 to 90 Days
5500718895,05.03.2026,30.04.2026,32612015,UNIVERSE FACILITY SOLUTION PVT LTD,SS'26 VC Scaffolding TN,TOA1,Trends Junior  KK Nagar Madurai,,Scaffolding,995457,16308,1,0,1,16308,Full,16308,Junior,83,61 to 90 Days
5500718895,05.03.2026,30.04.2026,32612015,UNIVERSE FACILITY SOLUTION PVT LTD,SS'26 VC Scaffolding TN,TP80,"TST Old Katchery Street, Velur Main Road",,Scaffolding,995457,27180,1,0,1,27180,Full,27180,TST,83,61 to 90 Days
5500718895,05.03.2026,30.04.2026,32612015,UNIVERSE FACILITY SOLUTION PVT LTD,SS'26 VC Scaffolding TN,TPU3,"NSR Road, Sai baba colony",,Scaffolding,995457,33824,1,0,1,33824,Full,33824,Trends,83,61 to 90 Days
5500718895,05.03.2026,30.04.2026,32612015,UNIVERSE FACILITY SOLUTION PVT LTD,SS'26 VC Scaffolding TN,TPU7,RRL TST Pattukottai,,Scaffolding,995457,22046,1,0,1,22046,Full,22046,TST,83,61 to 90 Days
5500718895,05.03.2026,30.04.2026,32612015,UNIVERSE FACILITY SOLUTION PVT LTD,SS'26 VC Scaffolding TN,TSN8,RRL Trends Chennai Padur,,Scaffolding,995457,38354,1,0,1,38354,Full,38354,Trends,83,61 to 90 Days
5500718895,05.03.2026,30.04.2026,32612015,UNIVERSE FACILITY SOLUTION PVT LTD,SS'26 VC Scaffolding TN,TSP1,RRL Trends Thanjavur,,Scaffolding,995457,19026,1,0,1,19026,Full,19026,Trends,83,61 to 90 Days
5500718895,05.03.2026,30.04.2026,32612015,UNIVERSE FACILITY SOLUTION PVT LTD,SS'26 VC Scaffolding TN,TU58,RRL Trends Salem,,Scaffolding,995457,16006,1,0,1,16006,Full,16006,Trends,83,61 to 90 Days
5500718895,05.03.2026,30.04.2026,32612015,UNIVERSE FACILITY SOLUTION PVT LTD,SS'26 VC Scaffolding TN,TU89,"TST Gingee Road, Tindivanam",,Scaffolding,995457,22046,1,0,1,22046,Full,22046,TST,83,61 to 90 Days
5500718895,05.03.2026,30.04.2026,32612015,UNIVERSE FACILITY SOLUTION PVT LTD,SS'26 VC Scaffolding TN,TV43,RRL Trends Trichy Srirangam,,Scaffolding,995457,32314,1,0,1,32314,Full,32314,Trends,83,61 to 90 Days
5500718895,05.03.2026,30.04.2026,32612015,UNIVERSE FACILITY SOLUTION PVT LTD,SS'26 VC Scaffolding TN,TW37,RRL TST Kallakurichi,,Scaffolding,995457,13590,1,0,1,13590,Full,13590,TST,83,61 to 90 Days
5500718895,05.03.2026,30.04.2026,32612015,UNIVERSE FACILITY SOLUTION PVT LTD,SS'26 VC Scaffolding TN,TWPS,RRL Trends Mandaveli,,Scaffolding,995457,57078,1,0,1,57078,Full,57078,Trends,83,61 to 90 Days
5500718895,05.03.2026,30.04.2026,32612015,UNIVERSE FACILITY SOLUTION PVT LTD,SS'26 VC Scaffolding TN,TWSE,TW Ramnagar Madipakkam,,Scaffolding,995457,22046,1,0,1,22046,Full,22046,WIW,83,61 to 90 Days
5500718895,05.03.2026,30.04.2026,32612015,UNIVERSE FACILITY SOLUTION PVT LTD,SS'26 VC Scaffolding TN,TX42,RRL Trends Coimbatore Vadavalli,,Scaffolding,995457,16308,1,0,1,16308,Full,16308,Trends,83,61 to 90 Days
5500721962,03.03.2026,30.04.2026,32612015,UNIVERSE FACILITY SOLUTION PVT LTD,SS'26 VC SPIDER CLIMBING (T508) TN,T508,"Redhills Road, Ambattur",,SPIDER CLIMBING,998729,23161,1,0,1,23161,Full,23161,WIW,83,61 to 90 Days
5155779068,07.03.2026,30.06.2026,11107383,M/s. CREATIVE GRAPHIC PRINTS,Leaflet - Venue Sales - TN,TMK3,RRL Trends Dindigul,310073770,PRINT DS 4COL OFFSET 90 GSM  A5 PAPER,49111010,1.23,5000,0,5000,6150,Full,6150,Trends,76,61 to 90 Days
5155779068,07.03.2026,30.06.2026,11107383,M/s. CREATIVE GRAPHIC PRINTS,Leaflet - Venue Sales - TN,TFR1,RRL TST Neyveli,310073770,PRINT DS 4COL OFFSET 90 GSM  A5 PAPER,49111010,1.23,5000,0,5000,6150,Full,6150,TST,76,61 to 90 Days
5500717421,07.03.2026,31.05.2026,32622936,BRAND KEY SOLUTIONS PORMOTIONS AND,Venue Sales Rental - TN,TFR1,RRL TST Neyveli,, Venue Sale RANT,997212,62700,1,0,1,62700,Full,62700,TST,75,61 to 90 Days
5500717421,07.03.2026,30.04.2026,32622936,BRAND KEY SOLUTIONS PORMOTIONS AND,Venue Sales Rental - TN,TMK3,RRL Trends Dindigul,, Venue Sale RANT,998596,67100,1,0,1,67100,Full,67100,Trends,75,61 to 90 Days
5500717421,07.03.2026,30.04.2026,32622936,BRAND KEY SOLUTIONS PORMOTIONS AND,Venue Sales Rental - TN,TTF5,TW Kumbakonam,, Venue Sale RANT,997212,72600,1,0,1,72600,Full,72600,WIW,75,61 to 90 Days
5158979432,30.03.2026,30.06.2026,11106009,C SIGNS,Venue Sale-Kumbakonam,TTF5,TW Kumbakonam,310116583,FL ECO SOLV  FLEX BLACK BK PRNT (UNBRD),49111010,25.5,501,0,501,12775.5,Full,12775.5,WIW,61,61 to 90 Days
5158979432,30.03.2026,30.06.2026,11106009,C SIGNS,Venue Sale-Kumbakonam,TTF5,TW Kumbakonam,310084932,"MS FRAME 1""X1"" 5KG",83081021,35,195,0,195,6825,Full,6825,WIW,61,61 to 90 Days
5158979431,30.03.2026,30.06.2026,11105735,Sign Ocean,Venue Sales - Chengalpattu,T990,RRL  Trends  Chengalpattu,310116583,FL ECO SOLV  FLEX BLACK BK PRNT (UNBRD),49111010,25.5,232,0,232,5916,Full,5916,Trends,61,61 to 90 Days
5158979431,30.03.2026,30.06.2026,11105735,Sign Ocean,Venue Sales - Chengalpattu,T990,RRL  Trends  Chengalpattu,310084932,"MS FRAME 1""X1"" 5KG",83081021,35,108,0,108,3780,Full,3780,Trends,61,61 to 90 Days
5158039618,25.03.2026,30.06.2026,11105735,Sign Ocean,TA12-Iyyapanthangal - ACP Signage - TN,TA12,"RIL Mall, Iyyapanthangal",310319013,SLBA HEIGHT  18IN N ABOVE /  BELOW 36IN,94056090,1492,24,0,24,35808,Full,35808,Trends,61,61 to 90 Days
5158039618,25.03.2026,30.06.2026,11105735,Sign Ocean,TA12-Iyyapanthangal - ACP Signage - TN,TA12,"RIL Mall, Iyyapanthangal",310319012,SLBA HEIGHT  36IN N ABOVE / BELOW 48 IN,94056100,1116,45,0,45,50220,Full,50220,Trends,61,61 to 90 Days
5158039618,25.03.2026,30.06.2026,11105735,Sign Ocean,TA12-Iyyapanthangal - ACP Signage - TN,TA12,"RIL Mall, Iyyapanthangal",310314032,SIGN 3 MM ACP CLADDING,83100090,238,231,0,231,54978,Full,54978,Trends,61,61 to 90 Days
5500753520,28.03.2026,31.05.2026,32622936,BRAND KEY SOLUTIONS PORMOTIONS AND,70% off Discount Event TN (Venue Sales),TTF5,TW Kumbakonam,,Venus Sale Rent,998596,46200,1,0,1,46200,Full,46200,WIW,60,30 to 60 Days
5500753520,28.03.2026,31.05.2026,32622936,BRAND KEY SOLUTIONS PORMOTIONS AND,70% off Discount Event TN (Venue Sales),T990,RRL  Trends  Chengalpattu,,Venus Sale Rent,997212,23100,1,0,1,23100,Full,23100,Trends,60,30 to 60 Days
5158979433,30.03.2026,30.06.2026,11107383,M/s. CREATIVE GRAPHIC PRINTS,Leaflet -Venue Sales - (Chengalpattu <(>&<)> Kumba,TTF5,TW Kumbakonam,310073770,PRINT DS 4COL OFFSET 90 GSM  A5 PAPER,49111010,1.23,5000,0,5000,6150,Full,6150,WIW,60,30 to 60 Days
5158979433,30.03.2026,30.06.2026,11107383,M/s. CREATIVE GRAPHIC PRINTS,Leaflet -Venue Sales - (Chengalpattu <(>&<)> Kumba,T990,RRL  Trends  Chengalpattu,310073770,PRINT DS 4COL OFFSET 90 GSM  A5 PAPER,49111010,1.23,5000,0,5000,6150,Full,6150,Trends,60,30 to 60 Days
5161854595,13.04.2026,30.06.2026,11105735,Sign Ocean,Totem Pole Replacement TMK5 and TXK8,TXK8,TJ Kodungaiyur,310119636,"SIGN,TOTEM,BL,MS,ACP,D/S,FLX,PRN",94056100,58000,1,0,1,58000,Full,58000,Junior,47,30 to 60 Days
5161854596,13.04.2026,30.06.2026,11105735,Sign Ocean,Marketing Elements Backlit GSB (TW64),TW64,RRL TST Arakonnam,310110290,GSB FB BACKLIT LED LIT,94059900,350,24,0,24,8400,Full,8400,TST,47,30 to 60 Days
5161854596,13.04.2026,30.06.2026,11105735,Sign Ocean,Marketing Elements Backlit GSB (TW64),TW64,RRL TST Arakonnam,310110290,GSB FB BACKLIT LED LIT,94059900,350,40,0,40,14000,Full,14000,TST,47,30 to 60 Days
5162385383,16.04.2026,30.06.2026,11107383,M/s. CREATIVE GRAPHIC PRINTS,Mar 26 -Jun 26 Coupons,T0E9,RRL Trends Man Puducherry,310112840,"ART PAPER, 4X2.5IN, 130GSM 4+4 COL",49111010,0.27,600,0,600,162,Full,162,Man,45,30 to 60 Days
5161113127,08.04.2026,30.06.2026,11105735,Sign Ocean,OLD PO 5152548634SS'26 Visual Change Over Prints -,8109,"Gandhinagar, Adayar, Chennai",310116553,BL FLEX ECOSOLVENT PRINTS (STAR),49111010,43.5,930,0,930,40455,Full,40455,Trends,45,30 to 60 Days
5162385384,16.04.2026,30.06.2026,11107383,M/s. CREATIVE GRAPHIC PRINTS,Mar 26 -Jun 26 Coupons,TY4A,TJ SKLS Galaxy Mall Redhills,310112840,"ART PAPER, 4X2.5IN, 130GSM 4+4 COL",49111010,0.27,700,0,700,189,Full,189,Junior,45,30 to 60 Days
5162385384,16.04.2026,30.06.2026,11107383,M/s. CREATIVE GRAPHIC PRINTS,Mar 26 -Jun 26 Coupons,TXYJ,TJ Pudur,310112840,"ART PAPER, 4X2.5IN, 130GSM 4+4 COL",49111010,0.27,1100,0,1100,297,Full,297,Junior,45,30 to 60 Days
5162385384,16.04.2026,30.06.2026,11107383,M/s. CREATIVE GRAPHIC PRINTS,Mar 26 -Jun 26 Coupons,TXK7,TJ CV Rajagopala Street Kancheepuram,310112840,"ART PAPER, 4X2.5IN, 130GSM 4+4 COL",49111010,0.27,1400,0,1400,378,Full,378,Junior,45,30 to 60 Days
5162385384,16.04.2026,30.06.2026,11107383,M/s. CREATIVE GRAPHIC PRINTS,Mar 26 -Jun 26 Coupons,TX8R,RRL TW Kanniyakumari Vansika Complex,310112840,"ART PAPER, 4X2.5IN, 130GSM 4+4 COL",49111010,0.27,2800,0,2800,756,Full,756,WIW,45,30 to 60 Days
5162385384,16.04.2026,30.06.2026,11107383,M/s. CREATIVE GRAPHIC PRINTS,Mar 26 -Jun 26 Coupons,TWSP,TW Krishnagiri,310112840,"ART PAPER, 4X2.5IN, 130GSM 4+4 COL",49111010,0.27,3000,0,3000,810,Full,810,WIW,45,30 to 60 Days
5162385384,16.04.2026,30.06.2026,11107383,M/s. CREATIVE GRAPHIC PRINTS,Mar 26 -Jun 26 Coupons,TWSM,TW Karumandapam,310112840,"ART PAPER, 4X2.5IN, 130GSM 4+4 COL",49111010,0.27,1300,0,1300,351,Full,351,WIW,45,30 to 60 Days
5162385384,16.04.2026,30.06.2026,11107383,M/s. CREATIVE GRAPHIC PRINTS,Mar 26 -Jun 26 Coupons,TWSF,TW RM Colony Dindigul,310112840,"ART PAPER, 4X2.5IN, 130GSM 4+4 COL",49111010,0.27,2000,0,2000,540,Full,540,WIW,45,30 to 60 Days
5162385384,16.04.2026,30.06.2026,11107383,M/s. CREATIVE GRAPHIC PRINTS,Mar 26 -Jun 26 Coupons,TTS0,TW Sungam Coimbatore,310112840,"ART PAPER, 4X2.5IN, 130GSM 4+4 COL",49111010,0.27,600,0,600,162,Full,162,WIW,45,30 to 60 Days
5162385384,16.04.2026,30.06.2026,11107383,M/s. CREATIVE GRAPHIC PRINTS,Mar 26 -Jun 26 Coupons,TTR8,TJ Mahalingapuram Pollachi,310112840,"ART PAPER, 4X2.5IN, 130GSM 4+4 COL",49111010,0.27,700,0,700,189,Full,189,Junior,45,30 to 60 Days
5162385384,16.04.2026,30.06.2026,11107383,M/s. CREATIVE GRAPHIC PRINTS,Mar 26 -Jun 26 Coupons,TTF5,TW Kumbakonam,310112840,"ART PAPER, 4X2.5IN, 130GSM 4+4 COL",49111010,0.27,3200,0,3200,864,Full,864,WIW,45,30 to 60 Days
5162385384,16.04.2026,30.06.2026,11107383,M/s. CREATIVE GRAPHIC PRINTS,Mar 26 -Jun 26 Coupons,TTF1,TW Race Course Road,310112840,"ART PAPER, 4X2.5IN, 130GSM 4+4 COL",49111010,0.27,1100,0,1100,297,Full,297,WIW,45,30 to 60 Days
5162385384,16.04.2026,30.06.2026,11107383,M/s. CREATIVE GRAPHIC PRINTS,Mar 26 -Jun 26 Coupons,TTE8,TW Vilankurichi Road Coimbatore,310112840,"ART PAPER, 4X2.5IN, 130GSM 4+4 COL",49111010,0.27,500,0,500,135,Full,135,WIW,45,30 to 60 Days
5162385384,16.04.2026,30.06.2026,11107383,M/s. CREATIVE GRAPHIC PRINTS,Mar 26 -Jun 26 Coupons,TPV0,TW Royapuram,310112840,"ART PAPER, 4X2.5IN, 130GSM 4+4 COL",49111010,0.27,2300,0,2300,621,Full,621,WIW,45,30 to 60 Days
5162385384,16.04.2026,30.06.2026,11107383,M/s. CREATIVE GRAPHIC PRINTS,Mar 26 -Jun 26 Coupons,TPN5,TJ Saravanampatti Coimbatore,310112840,"ART PAPER, 4X2.5IN, 130GSM 4+4 COL",49111010,0.27,500,0,500,135,Full,135,Junior,45,30 to 60 Days
5162385384,16.04.2026,30.06.2026,11107383,M/s. CREATIVE GRAPHIC PRINTS,Mar 26 -Jun 26 Coupons,TOA1,Trends Junior  KK Nagar Madurai,310112840,"ART PAPER, 4X2.5IN, 130GSM 4+4 COL",49111010,0.27,3300,0,3300,891,Full,891,Junior,45,30 to 60 Days
5162385384,16.04.2026,30.06.2026,11107383,M/s. CREATIVE GRAPHIC PRINTS,Mar 26 -Jun 26 Coupons,TM80,KK Nagar,310112840,"ART PAPER, 4X2.5IN, 130GSM 4+4 COL",49111010,0.27,3700,0,3700,999,Full,999,WIW,45,30 to 60 Days
5162385384,16.04.2026,30.06.2026,11107383,M/s. CREATIVE GRAPHIC PRINTS,Mar 26 -Jun 26 Coupons,TLH1,TJ Lawsons Road,310112840,"ART PAPER, 4X2.5IN, 130GSM 4+4 COL",49111010,0.27,2400,0,2400,648,Full,648,Junior,45,30 to 60 Days
5162385384,16.04.2026,30.06.2026,11107383,M/s. CREATIVE GRAPHIC PRINTS,Mar 26 -Jun 26 Coupons,TLB5,TW-SARAVANAMPATTI,310112840,"ART PAPER, 4X2.5IN, 130GSM 4+4 COL",49111010,0.27,700,0,700,189,Full,189,WIW,45,30 to 60 Days
5162385384,16.04.2026,30.06.2026,11107383,M/s. CREATIVE GRAPHIC PRINTS,Mar 26 -Jun 26 Coupons,TKY6,TW-KK NAGAR CHENNAI,310112840,"ART PAPER, 4X2.5IN, 130GSM 4+4 COL",49111010,0.27,1800,0,1800,486,Full,486,WIW,45,30 to 60 Days
5162385384,16.04.2026,30.06.2026,11107383,M/s. CREATIVE GRAPHIC PRINTS,Mar 26 -Jun 26 Coupons,TKT2,TW-KOVILAMPAKKAM,310112840,"ART PAPER, 4X2.5IN, 130GSM 4+4 COL",49111010,0.27,1900,0,1900,513,Full,513,WIW,45,30 to 60 Days
5162385384,16.04.2026,30.06.2026,11107383,M/s. CREATIVE GRAPHIC PRINTS,Mar 26 -Jun 26 Coupons,TKA0,RRL TW-LAWSONS ROAD,310112840,"ART PAPER, 4X2.5IN, 130GSM 4+4 COL",49111010,0.27,2700,0,2700,729,Full,729,WIW,45,30 to 60 Days
5162385384,16.04.2026,30.06.2026,11107383,M/s. CREATIVE GRAPHIC PRINTS,Mar 26 -Jun 26 Coupons,TJQ6,RRL TW-KUMARAN ROAD,310112840,"ART PAPER, 4X2.5IN, 130GSM 4+4 COL",49111010,0.27,900,0,900,243,Full,243,WIW,45,30 to 60 Days
5162385384,16.04.2026,30.06.2026,11107383,M/s. CREATIVE GRAPHIC PRINTS,Mar 26 -Jun 26 Coupons,TJQ1,RRL TJ-IYER BUNGLOW,310112840,"ART PAPER, 4X2.5IN, 130GSM 4+4 COL",49111010,0.27,1000,0,1000,270,Full,270,Junior,45,30 to 60 Days
5162385384,16.04.2026,30.06.2026,11107383,M/s. CREATIVE GRAPHIC PRINTS,Mar 26 -Jun 26 Coupons,TGE0,TW-NATHAM ROAD,310112840,"ART PAPER, 4X2.5IN, 130GSM 4+4 COL",49111010,0.27,2300,0,2300,621,Full,621,WIW,45,30 to 60 Days
5162385384,16.04.2026,30.06.2026,11107383,M/s. CREATIVE GRAPHIC PRINTS,Mar 26 -Jun 26 Coupons,TFK9,TW-REDHILLS,310112840,"ART PAPER, 4X2.5IN, 130GSM 4+4 COL",49111010,0.27,800,0,800,216,Full,216,WIW,45,30 to 60 Days
5162385384,16.04.2026,30.06.2026,11107383,M/s. CREATIVE GRAPHIC PRINTS,Mar 26 -Jun 26 Coupons,TAK5,RRLTW Bibikulam Madurai,310112840,"ART PAPER, 4X2.5IN, 130GSM 4+4 COL",49111010,0.27,1200,0,1200,324,Full,324,WIW,45,30 to 60 Days
5162385384,16.04.2026,30.06.2026,11107383,M/s. CREATIVE GRAPHIC PRINTS,Mar 26 -Jun 26 Coupons,TA11,"Sai Baba Colony, NSR Road",310112840,"ART PAPER, 4X2.5IN, 130GSM 4+4 COL",49111010,0.27,800,0,800,216,Full,216,WIW,45,30 to 60 Days
5162385384,16.04.2026,30.06.2026,11107383,M/s. CREATIVE GRAPHIC PRINTS,Mar 26 -Jun 26 Coupons,T9XT,RRL Trends Woman Coimbatore Fun Republic,310112840,"ART PAPER, 4X2.5IN, 130GSM 4+4 COL",49111010,0.27,1500,0,1500,405,Full,405,WIW,45,30 to 60 Days
5162385384,16.04.2026,30.06.2026,11107383,M/s. CREATIVE GRAPHIC PRINTS,Mar 26 -Jun 26 Coupons,T9CL,RRL Trends Woman Tanjore P.R.Plaza,310112840,"ART PAPER, 4X2.5IN, 130GSM 4+4 COL",49111010,0.27,900,0,900,243,Full,243,WIW,45,30 to 60 Days
5162385384,16.04.2026,30.06.2026,11107383,M/s. CREATIVE GRAPHIC PRINTS,Mar 26 -Jun 26 Coupons,T7JE,RRL TW Thanjavur Langval Mall ABV Avenue,310112840,"ART PAPER, 4X2.5IN, 130GSM 4+4 COL",49111010,0.27,900,0,900,243,Full,243,WIW,45,30 to 60 Days
5162385384,16.04.2026,30.06.2026,11107383,M/s. CREATIVE GRAPHIC PRINTS,Mar 26 -Jun 26 Coupons,T510,Annanagar ,310112840,"ART PAPER, 4X2.5IN, 130GSM 4+4 COL",49111010,0.27,1900,0,1900,513,Full,513,WIW,45,30 to 60 Days
5162385384,16.04.2026,30.06.2026,11107383,M/s. CREATIVE GRAPHIC PRINTS,Mar 26 -Jun 26 Coupons,9654,"T.V Samy Road, R.S Puram",310112840,"ART PAPER, 4X2.5IN, 130GSM 4+4 COL",49111010,0.27,2900,0,2900,783,Full,783,WIW,45,30 to 60 Days
5162385381,16.04.2026,30.06.2026,11107060,MUTHU OFFSET PRINTERS,Mar 26 -Jun 26 Coupons,T27S,RRL Trends Chennai Sangeetha Kalyana Mah,310112840,"ART PAPER, 4X2.5IN, 130GSM 4+4 COL",49111010,0.25,8900,0,8900,2225,Full,2225,Trends,45,30 to 60 Days
5162385381,16.04.2026,30.06.2026,11107060,MUTHU OFFSET PRINTERS,Mar 26 -Jun 26 Coupons,9428,Velachery Main Road,310112840,"ART PAPER, 4X2.5IN, 130GSM 4+4 COL",49111010,0.25,12600,0,12600,3150,Full,3150,Trends,45,30 to 60 Days
5162385381,16.04.2026,30.06.2026,11107060,MUTHU OFFSET PRINTERS,Mar 26 -Jun 26 Coupons,8112,T Nagar Chennai,310112840,"ART PAPER, 4X2.5IN, 130GSM 4+4 COL",49111010,0.25,9700,0,9700,2425,Full,2425,Trends,45,30 to 60 Days
5162385381,16.04.2026,30.06.2026,11107060,MUTHU OFFSET PRINTERS,Mar 26 -Jun 26 Coupons,1930,"RIL MALL , Tirunelvelli",310112840,"ART PAPER, 4X2.5IN, 130GSM 4+4 COL",49111010,0.25,10500,0,10500,2625,Full,2625,Trends,45,30 to 60 Days
5500756517,17.04.2026,30.06.2026,32622936,BRAND KEY SOLUTIONS PORMOTIONS AND,Venue Sales EB Payment TN,T990,RRL  Trends  Chengalpattu,,Venue Sales EB Payment,997212,6168,1,0,1,6168,Full,6168,Trends,40,30 to 60 Days
5500756517,17.04.2026,30.06.2026,32622936,BRAND KEY SOLUTIONS PORMOTIONS AND,Venue Sales EB Payment TN,TTF5,TW Kumbakonam,,Venue Sales EB Payment,997212,7800,1,0,1,7800,Full,7800,WIW,40,30 to 60 Days
5500756517,17.04.2026,30.06.2026,32622936,BRAND KEY SOLUTIONS PORMOTIONS AND,Venue Sales EB Payment TN,TTF5,TW Kumbakonam,,Venue Sales EB Payment,997212,7450,1,0,1,7450,Full,7450,WIW,40,30 to 60 Days
5166651277,05.05.2026,30.06.2026,32619303,V Printz,POST CARD InstaMart <(>&<)> Zepto,1966,Providence Mall,315027544,POST CARD 230 GSM 6*4 INCH,48172000,0.4,10000,0,10000,4000,Full,4000,Trends,24,Less than 30 Days
5166651277,05.05.2026,31.07.2026,32619303,V Printz,POST CARD InstaMart <(>&<)> Zepto,T0E9,RRL Trends Man Puducherry,315027544,POST CARD 230 GSM 6*4 INCH,48172000,0.4,10000,0,10000,4000,Full,4000,Man,24,Less than 30 Days
5166651277,05.05.2026,31.07.2026,32619303,V Printz,POST CARD InstaMart <(>&<)> Zepto,T0W2,RRL Trends Puducherry Reddiyarpalayam,315027544,POST CARD 230 GSM 6*4 INCH,48172000,0.4,10000,0,10000,4000,Full,4000,Trends,24,Less than 30 Days
5166651278,05.05.2026,30.06.2026,32619303,V Printz,POST CARD InstaMart <(>&<)> Zepto,5748,Santhi Colony Annanagar,315027544,POST CARD 230 GSM 6*4 INCH,48172000,0.4,10000,0,10000,4000,Full,4000,Trends,24,Less than 30 Days
5166651278,05.05.2026,30.06.2026,32619303,V Printz,POST CARD InstaMart <(>&<)> Zepto,5829,Manappakkam,315027544,POST CARD 230 GSM 6*4 INCH,48172000,0.4,10000,0,10000,4000,Full,4000,Trends,24,Less than 30 Days
5166651278,05.05.2026,30.06.2026,32619303,V Printz,POST CARD InstaMart <(>&<)> Zepto,5844,Avadi,315027544,POST CARD 230 GSM 6*4 INCH,48172000,0.4,10000,0,10000,4000,Full,4000,Trends,24,Less than 30 Days
5166651278,05.05.2026,30.06.2026,32619303,V Printz,POST CARD InstaMart <(>&<)> Zepto,8105,RK salai,315027544,POST CARD 230 GSM 6*4 INCH,48172000,0.4,10000,0,10000,4000,Full,4000,Trends,24,Less than 30 Days
5166651278,05.05.2026,30.06.2026,32619303,V Printz,POST CARD InstaMart <(>&<)> Zepto,8106,Valasaravakkam,315027544,POST CARD 230 GSM 6*4 INCH,48172000,0.4,10000,0,10000,4000,Full,4000,Trends,24,Less than 30 Days
5166651278,05.05.2026,30.06.2026,32619303,V Printz,POST CARD InstaMart <(>&<)> Zepto,8107,Chrompet ,315027544,POST CARD 230 GSM 6*4 INCH,48172000,0.4,10000,0,10000,4000,Full,4000,Trends,24,Less than 30 Days
5166651278,05.05.2026,30.06.2026,32619303,V Printz,POST CARD InstaMart <(>&<)> Zepto,8108,CTH Rd,315027544,POST CARD 230 GSM 6*4 INCH,48172000,0.4,10000,0,10000,4000,Full,4000,Trends,24,Less than 30 Days
5166651278,05.05.2026,30.06.2026,32619303,V Printz,POST CARD InstaMart <(>&<)> Zepto,8109,"Gandhinagar, Adayar, Chennai",315027544,POST CARD 230 GSM 6*4 INCH,48172000,0.4,10000,0,10000,4000,Full,4000,Trends,24,Less than 30 Days
5166651278,05.05.2026,30.06.2026,32619303,V Printz,POST CARD InstaMart <(>&<)> Zepto,8110,Perambur Store,315027544,POST CARD 230 GSM 6*4 INCH,48172000,0.4,10000,0,10000,4000,Full,4000,Trends,24,Less than 30 Days
5166651278,05.05.2026,30.06.2026,32619303,V Printz,POST CARD InstaMart <(>&<)> Zepto,8112,T Nagar Chennai,315027544,POST CARD 230 GSM 6*4 INCH,48172000,0.4,10000,0,10000,4000,Full,4000,Trends,24,Less than 30 Days
5166651278,05.05.2026,30.06.2026,32619303,V Printz,POST CARD InstaMart <(>&<)> Zepto,8113,Thiruvanmiyur,315027544,POST CARD 230 GSM 6*4 INCH,48172000,0.4,10000,0,10000,4000,Full,4000,Trends,24,Less than 30 Days
5166651278,05.05.2026,30.06.2026,32619303,V Printz,POST CARD InstaMart <(>&<)> Zepto,8114,Brook field,315027544,POST CARD 230 GSM 6*4 INCH,48172000,0.4,10000,0,10000,4000,Full,4000,Trends,24,Less than 30 Days
5166651278,05.05.2026,30.06.2026,32619303,V Printz,POST CARD InstaMart <(>&<)> Zepto,8118,Sal center,315027544,POST CARD 230 GSM 6*4 INCH,48172000,0.4,10000,0,10000,4000,Full,4000,Trends,24,Less than 30 Days
5166651278,05.05.2026,30.06.2026,32619303,V Printz,POST CARD InstaMart <(>&<)> Zepto,9636,Mylapore ,315027544,POST CARD 230 GSM 6*4 INCH,48172000,0.4,10000,0,10000,4000,Full,4000,WIW,24,Less than 30 Days
5166651278,05.05.2026,30.06.2026,32619303,V Printz,POST CARD InstaMart <(>&<)> Zepto,9654,"T.V Samy Road, R.S Puram",315027544,POST CARD 230 GSM 6*4 INCH,48172000,0.4,10000,0,10000,4000,Full,4000,WIW,24,Less than 30 Days
5166651278,05.05.2026,30.06.2026,32619303,V Printz,POST CARD InstaMart <(>&<)> Zepto,T0N8,RRL Trends Coimbatore VMS Arcade,315027544,POST CARD 230 GSM 6*4 INCH,48172000,0.4,10000,0,10000,4000,Full,4000,Trends,24,Less than 30 Days
5166651278,05.05.2026,30.06.2026,32619303,V Printz,POST CARD InstaMart <(>&<)> Zepto,T1BF,RRL Trends Purasawalkam,315027544,POST CARD 230 GSM 6*4 INCH,48172000,0.4,10000,0,10000,4000,Full,4000,Trends,24,Less than 30 Days
5166651278,05.05.2026,30.06.2026,32619303,V Printz,POST CARD InstaMart <(>&<)> Zepto,T27S,RRL Trends Chennai Sangeetha Kalyana Mah,315027544,POST CARD 230 GSM 6*4 INCH,48172000,0.4,10000,0,10000,4000,Full,4000,Trends,24,Less than 30 Days
5166651278,05.05.2026,30.06.2026,32619303,V Printz,POST CARD InstaMart <(>&<)> Zepto,T522,Tambaram West,315027544,POST CARD 230 GSM 6*4 INCH,48172000,0.4,10000,0,10000,4000,Full,4000,Trends,24,Less than 30 Days
5166651278,05.05.2026,30.06.2026,32619303,V Printz,POST CARD InstaMart <(>&<)> Zepto,T523,"Marina Mall, Chennai",315027544,POST CARD 230 GSM 6*4 INCH,48172000,0.4,10000,0,10000,4000,Full,4000,Trends,24,Less than 30 Days
5166651278,05.05.2026,30.06.2026,32619303,V Printz,POST CARD InstaMart <(>&<)> Zepto,T533,"Medavakkam,",315027544,POST CARD 230 GSM 6*4 INCH,48172000,0.4,10000,0,10000,4000,Full,4000,Trends,24,Less than 30 Days
5166651278,05.05.2026,30.06.2026,32619303,V Printz,POST CARD InstaMart <(>&<)> Zepto,T669,Forum Vijaya Mall,315027544,POST CARD 230 GSM 6*4 INCH,48172000,0.4,10000,0,10000,4000,Full,4000,WIW,24,Less than 30 Days
5166651278,05.05.2026,30.06.2026,32619303,V Printz,POST CARD InstaMart <(>&<)> Zepto,T83G,RRL Trends Chennai NCBS Colony,315027544,POST CARD 230 GSM 6*4 INCH,48172000,0.4,10000,0,10000,4000,Full,4000,Trends,24,Less than 30 Days
5166651278,05.05.2026,30.06.2026,32619303,V Printz,POST CARD InstaMart <(>&<)> Zepto,TA11,"Sai Baba Colony, NSR Road",315027544,POST CARD 230 GSM 6*4 INCH,48172000,0.4,10000,0,10000,4000,Full,4000,WIW,24,Less than 30 Days
5166651278,05.05.2026,30.06.2026,32619303,V Printz,POST CARD InstaMart <(>&<)> Zepto,TAV7,RRL Trends Chennai Express Avenue,315027544,POST CARD 230 GSM 6*4 INCH,48172000,0.4,10000,0,10000,4000,Full,4000,Trends,24,Less than 30 Days
5166651278,05.05.2026,30.06.2026,32619303,V Printz,POST CARD InstaMart <(>&<)> Zepto,TB26,RRL Trends Anna Nagar Chennai,315027544,POST CARD 230 GSM 6*4 INCH,48172000,0.4,10000,0,10000,4000,Full,4000,Trends,24,Less than 30 Days
5166651278,05.05.2026,30.06.2026,32619303,V Printz,POST CARD InstaMart <(>&<)> Zepto,TE94,Kovilambakkam,315027544,POST CARD 230 GSM 6*4 INCH,48172000,0.4,10000,0,10000,4000,Full,4000,Trends,24,Less than 30 Days
5166651278,05.05.2026,30.06.2026,32619303,V Printz,POST CARD InstaMart <(>&<)> Zepto,TEA6,RRL Trends Chennai Krishna Ngr,315027544,POST CARD 230 GSM 6*4 INCH,48172000,0.4,10000,10,10000,4000,Partial,4000,Trends,24,Less than 30 Days
5166651278,05.05.2026,30.06.2026,32619303,V Printz,POST CARD InstaMart <(>&<)> Zepto,TFK9,TW-REDHILLS,315027544,POST CARD 230 GSM 6*4 INCH,48172000,0.4,10000,0,10000,4000,Full,4000,WIW,24,Less than 30 Days
5166651278,05.05.2026,30.06.2026,32619303,V Printz,POST CARD InstaMart <(>&<)> Zepto,TI54,"Jawahar Nagar, Perambur",315027544,POST CARD 230 GSM 6*4 INCH,48172000,0.4,10000,1000,9000,4000,Partial,3600,Trends,24,Less than 30 Days
5166651278,05.05.2026,30.06.2026,32619303,V Printz,POST CARD InstaMart <(>&<)> Zepto,TJ4E,RRL Trends Chennai D R Complex,315027544,POST CARD 230 GSM 6*4 INCH,48172000,0.4,10000,0,10000,4000,Full,4000,Trends,24,Less than 30 Days
5166651278,05.05.2026,30.06.2026,32619303,V Printz,POST CARD InstaMart <(>&<)> Zepto,TKY6,TW-KK NAGAR CHENNAI,315027544,POST CARD 230 GSM 6*4 INCH,48172000,0.4,10000,0,10000,4000,Full,4000,WIW,24,Less than 30 Days
5166651278,05.05.2026,30.06.2026,32619303,V Printz,POST CARD InstaMart <(>&<)> Zepto,TLB5,TW-SARAVANAMPATTI,315027544,POST CARD 230 GSM 6*4 INCH,48172000,0.4,10000,0,10000,4000,Full,4000,WIW,24,Less than 30 Days
5166651278,05.05.2026,30.06.2026,32619303,V Printz,POST CARD InstaMart <(>&<)> Zepto,TMA6,RRL TJ Forum Vijaya Mall,315027544,POST CARD 230 GSM 6*4 INCH,48172000,0.4,10000,0,10000,4000,Full,4000,Junior,24,Less than 30 Days
5166651278,05.05.2026,30.06.2026,32619303,V Printz,POST CARD InstaMart <(>&<)> Zepto,TOB2,RRL Trends Coimbatore,315027544,POST CARD 230 GSM 6*4 INCH,48172000,0.4,10000,0,10000,4000,Full,4000,Trends,24,Less than 30 Days
5166651278,05.05.2026,30.06.2026,32619303,V Printz,POST CARD InstaMart <(>&<)> Zepto,TPN5,TJ Saravanampatti Coimbatore,315027544,POST CARD 230 GSM 6*4 INCH,48172000,0.4,10000,0,10000,4000,Full,4000,Junior,24,Less than 30 Days
5166651278,05.05.2026,30.06.2026,32619303,V Printz,POST CARD InstaMart <(>&<)> Zepto,TPV0,TW Royapuram,315027544,POST CARD 230 GSM 6*4 INCH,48172000,0.4,10000,0,10000,4000,Full,4000,WIW,24,Less than 30 Days
5166651278,05.05.2026,30.06.2026,32619303,V Printz,POST CARD InstaMart <(>&<)> Zepto,TQE5,RRL Trends Coimbatore,315027544,POST CARD 230 GSM 6*4 INCH,48172000,0.4,10000,0,10000,4000,Full,4000,Trends,24,Less than 30 Days
5166651278,05.05.2026,30.06.2026,32619303,V Printz,POST CARD InstaMart <(>&<)> Zepto,TS24,"Pondy Bazaar,T Nagar, Chennai",315027544,POST CARD 230 GSM 6*4 INCH,48172000,0.4,10000,0,10000,4000,Full,4000,Trends,24,Less than 30 Days
5166651278,05.05.2026,30.06.2026,32619303,V Printz,POST CARD InstaMart <(>&<)> Zepto,TS82,RRL Trends Madhavaram Chennai,315027544,POST CARD 230 GSM 6*4 INCH,48172000,0.4,10000,0,10000,4000,Full,4000,Trends,24,Less than 30 Days
5166651278,05.05.2026,30.06.2026,32619303,V Printz,POST CARD InstaMart <(>&<)> Zepto,TTE8,TW Vilankurichi Road Coimbatore,315027544,POST CARD 230 GSM 6*4 INCH,48172000,0.4,10000,0,10000,4000,Full,4000,WIW,24,Less than 30 Days
5166651278,05.05.2026,30.06.2026,32619303,V Printz,POST CARD InstaMart <(>&<)> Zepto,TTF1,TW Race Course Road,315027544,POST CARD 230 GSM 6*4 INCH,48172000,0.4,10000,0,10000,4000,Full,4000,WIW,24,Less than 30 Days
5166651278,05.05.2026,30.06.2026,32619303,V Printz,POST CARD InstaMart <(>&<)> Zepto,TTS0,TW Sungam Coimbatore,315027544,POST CARD 230 GSM 6*4 INCH,48172000,0.4,10000,0,10000,4000,Full,4000,WIW,24,Less than 30 Days
5166651278,05.05.2026,30.06.2026,32619303,V Printz,POST CARD InstaMart <(>&<)> Zepto,TW17,RRL Trends Chennai OMR,315027544,POST CARD 230 GSM 6*4 INCH,48172000,0.4,10000,0,10000,4000,Full,4000,Trends,24,Less than 30 Days
5166651278,05.05.2026,30.06.2026,32619303,V Printz,POST CARD InstaMart <(>&<)> Zepto,TWSH,TW Paruthipattu,315027544,POST CARD 230 GSM 6*4 INCH,48172000,0.4,10000,0,10000,4000,Full,4000,WIW,24,Less than 30 Days
5166651278,05.05.2026,30.06.2026,32619303,V Printz,POST CARD InstaMart <(>&<)> Zepto,TWSM,TW Karumandapam,315027544,POST CARD 230 GSM 6*4 INCH,48172000,0.4,10000,0,10000,4000,Full,4000,WIW,24,Less than 30 Days
5166651278,05.05.2026,30.06.2026,32619303,V Printz,POST CARD InstaMart <(>&<)> Zepto,TWSS,TW Kolathur,315027544,POST CARD 230 GSM 6*4 INCH,48172000,0.4,10000,0,10000,4000,Full,4000,WIW,24,Less than 30 Days
5166651278,05.05.2026,30.06.2026,32619303,V Printz,POST CARD InstaMart <(>&<)> Zepto,TX42,RRL Trends Coimbatore Vadavalli,315027544,POST CARD 230 GSM 6*4 INCH,48172000,0.4,10000,0,10000,4000,Full,4000,Trends,24,Less than 30 Days
5166651278,05.05.2026,30.06.2026,32619303,V Printz,POST CARD InstaMart <(>&<)> Zepto,TY34,TW-MOGAPPAIR,315027544,POST CARD 230 GSM 6*4 INCH,48172000,0.4,10000,0,10000,4000,Full,4000,WIW,24,Less than 30 Days
5166651278,05.05.2026,30.06.2026,32619303,V Printz,POST CARD InstaMart <(>&<)> Zepto,TY35,TM-MOGAPPAIR,315027544,POST CARD 230 GSM 6*4 INCH,48172000,0.4,10000,0,10000,4000,Full,4000,Junior,24,Less than 30 Days
5166651278,05.05.2026,30.06.2026,32619303,V Printz,POST CARD InstaMart <(>&<)> Zepto,TY4A,TJ SKLS Galaxy Mall Redhills,315027544,POST CARD 230 GSM 6*4 INCH,48172000,0.4,10000,0,10000,4000,Full,4000,Junior,24,Less than 30 Days
5166398967,11.05.2026,30.06.2026,11107383,M/s. CREATIVE GRAPHIC PRINTS,Trends Catchment Coupon May-June 26,T0E9,RRL Trends Man Puducherry,310112840,"ART PAPER, 4X2.5IN, 130GSM 4+4 COL",49111010,0.25,16000,0,16000,4000,Full,4000,Man,17,Less than 30 Days
5166398968,11.05.2026,30.06.2026,11107383,M/s. CREATIVE GRAPHIC PRINTS,Trends Catchment Coupon May-June 26,TX6X,RRL TST Musiri,310112840,"ART PAPER, 4X2.5IN, 130GSM 4+4 COL",49111010,0.25,6500,0,6500,1625,Full,1625,TST,17,Less than 30 Days
5166398968,11.05.2026,30.06.2026,11107383,M/s. CREATIVE GRAPHIC PRINTS,Trends Catchment Coupon May-June 26,TY4A,TJ SKLS Galaxy Mall Redhills,310112840,"ART PAPER, 4X2.5IN, 130GSM 4+4 COL",49111010,0.25,16000,0,16000,4000,Full,4000,Junior,17,Less than 30 Days
5166398968,11.05.2026,30.06.2026,11107383,M/s. CREATIVE GRAPHIC PRINTS,Trends Catchment Coupon May-June 26,TXK8,TJ Kodungaiyur,310112840,"ART PAPER, 4X2.5IN, 130GSM 4+4 COL",49111010,0.25,16000,0,16000,4000,Full,4000,Junior,17,Less than 30 Days
5166398968,11.05.2026,30.06.2026,11107383,M/s. CREATIVE GRAPHIC PRINTS,Trends Catchment Coupon May-June 26,TX5M,RRL TST Manamadurai,310112840,"ART PAPER, 4X2.5IN, 130GSM 4+4 COL",49111010,0.25,6500,0,6500,1625,Full,1625,TST,17,Less than 30 Days
5166398968,11.05.2026,30.06.2026,11107383,M/s. CREATIVE GRAPHIC PRINTS,Trends Catchment Coupon May-June 26,TWTX,RRL TST Pochampalli,310112840,"ART PAPER, 4X2.5IN, 130GSM 4+4 COL",49111010,0.25,6500,0,6500,1625,Full,1625,TST,17,Less than 30 Days
5166398968,11.05.2026,30.06.2026,11107383,M/s. CREATIVE GRAPHIC PRINTS,Trends Catchment Coupon May-June 26,TWSM,TW Karumandapam,310112840,"ART PAPER, 4X2.5IN, 130GSM 4+4 COL",49111010,0.25,16000,0,16000,4000,Full,4000,WIW,17,Less than 30 Days
5166398968,11.05.2026,30.06.2026,11107383,M/s. CREATIVE GRAPHIC PRINTS,Trends Catchment Coupon May-June 26,TWSH,TW Paruthipattu,310112840,"ART PAPER, 4X2.5IN, 130GSM 4+4 COL",49111010,0.25,16000,0,16000,4000,Full,4000,WIW,17,Less than 30 Days
5166398968,11.05.2026,30.06.2026,11107383,M/s. CREATIVE GRAPHIC PRINTS,Trends Catchment Coupon May-June 26,TWRG,TJ Kumbakonam,310112840,"ART PAPER, 4X2.5IN, 130GSM 4+4 COL",49111010,0.25,16000,0,16000,4000,Full,4000,Junior,17,Less than 30 Days
5166398968,11.05.2026,30.06.2026,11107383,M/s. CREATIVE GRAPHIC PRINTS,Trends Catchment Coupon May-June 26,TWPT,RRL Trends Kancheepuram,310112840,"ART PAPER, 4X2.5IN, 130GSM 4+4 COL",49111010,0.25,30000,30,29970,7500,Partial,7492.5,Trends,17,Less than 30 Days
5166398968,11.05.2026,30.06.2026,11107383,M/s. CREATIVE GRAPHIC PRINTS,Trends Catchment Coupon May-June 26,TTS0,TW Sungam Coimbatore,310112840,"ART PAPER, 4X2.5IN, 130GSM 4+4 COL",49111010,0.25,16000,0,16000,4000,Full,4000,WIW,17,Less than 30 Days
5166398968,11.05.2026,30.06.2026,11107383,M/s. CREATIVE GRAPHIC PRINTS,Trends Catchment Coupon May-June 26,TTR8,TJ Mahalingapuram Pollachi,310112840,"ART PAPER, 4X2.5IN, 130GSM 4+4 COL",49111010,0.25,16000,0,16000,4000,Full,4000,Junior,17,Less than 30 Days
5166398968,11.05.2026,30.06.2026,11107383,M/s. CREATIVE GRAPHIC PRINTS,Trends Catchment Coupon May-June 26,TTL6,RRL TST Sriperumbudur,310112840,"ART PAPER, 4X2.5IN, 130GSM 4+4 COL",49111010,0.25,6500,0,6500,1625,Full,1625,TST,17,Less than 30 Days
5166398968,11.05.2026,30.06.2026,11107383,M/s. CREATIVE GRAPHIC PRINTS,Trends Catchment Coupon May-June 26,TTF1,TW Race Course Road,310112840,"ART PAPER, 4X2.5IN, 130GSM 4+4 COL",49111010,0.25,16000,0,16000,4000,Full,4000,WIW,17,Less than 30 Days
5166398968,11.05.2026,30.06.2026,11107383,M/s. CREATIVE GRAPHIC PRINTS,Trends Catchment Coupon May-June 26,TTE8,TW Vilankurichi Road Coimbatore,310112840,"ART PAPER, 4X2.5IN, 130GSM 4+4 COL",49111010,0.25,16000,0,16000,4000,Full,4000,WIW,17,Less than 30 Days
5166398968,11.05.2026,30.06.2026,11107383,M/s. CREATIVE GRAPHIC PRINTS,Trends Catchment Coupon May-June 26,TTE4,RRL TST Bargur,310112840,"ART PAPER, 4X2.5IN, 130GSM 4+4 COL",49111010,0.25,6500,0,6500,1625,Full,1625,TST,17,Less than 30 Days
5166398968,11.05.2026,30.06.2026,11107383,M/s. CREATIVE GRAPHIC PRINTS,Trends Catchment Coupon May-June 26,TTC6,RRL TST Gingee,310112840,"ART PAPER, 4X2.5IN, 130GSM 4+4 COL",49111010,0.25,6500,0,6500,1625,Full,1625,TST,17,Less than 30 Days
5166398968,11.05.2026,30.06.2026,11107383,M/s. CREATIVE GRAPHIC PRINTS,Trends Catchment Coupon May-June 26,TTA1,RRL TST Thingal Nagar,310112840,"ART PAPER, 4X2.5IN, 130GSM 4+4 COL",49111010,0.25,6500,0,6500,1625,Full,1625,TST,17,Less than 30 Days
5166398968,11.05.2026,30.06.2026,11107383,M/s. CREATIVE GRAPHIC PRINTS,Trends Catchment Coupon May-June 26,TSP1,RRL Trends Thanjavur,310112840,"ART PAPER, 4X2.5IN, 130GSM 4+4 COL",49111010,0.25,30000,0,30000,7500,Full,7500,Trends,17,Less than 30 Days
5166398968,11.05.2026,30.06.2026,11107383,M/s. CREATIVE GRAPHIC PRINTS,Trends Catchment Coupon May-June 26,TQE5,RRL Trends Coimbatore,310112840,"ART PAPER, 4X2.5IN, 130GSM 4+4 COL",49111010,0.25,30000,0,30000,7500,Full,7500,Trends,17,Less than 30 Days
5166398968,11.05.2026,30.06.2026,11107383,M/s. CREATIVE GRAPHIC PRINTS,Trends Catchment Coupon May-June 26,TPN5,TJ Saravanampatti Coimbatore,310112840,"ART PAPER, 4X2.5IN, 130GSM 4+4 COL",49111010,0.25,16000,0,16000,4000,Full,4000,Junior,17,Less than 30 Days
5166398968,11.05.2026,30.06.2026,11107383,M/s. CREATIVE GRAPHIC PRINTS,Trends Catchment Coupon May-June 26,TPI2,RRL TST Valapadi,310112840,"ART PAPER, 4X2.5IN, 130GSM 4+4 COL",49111010,0.25,6500,0,6500,1625,Full,1625,TST,17,Less than 30 Days
5166398968,11.05.2026,30.06.2026,11107383,M/s. CREATIVE GRAPHIC PRINTS,Trends Catchment Coupon May-June 26,TP20,RRL TST Gobichettipalayam,310112840,"ART PAPER, 4X2.5IN, 130GSM 4+4 COL",49111010,0.25,6500,0,6500,1625,Full,1625,TST,17,Less than 30 Days
5166398968,11.05.2026,30.06.2026,11107383,M/s. CREATIVE GRAPHIC PRINTS,Trends Catchment Coupon May-June 26,TO63,"TST Kunnathur road, Perundurai",310112840,"ART PAPER, 4X2.5IN, 130GSM 4+4 COL",49111010,0.25,6500,0,6500,1625,Full,1625,TST,17,Less than 30 Days
5166398968,11.05.2026,30.06.2026,11107383,M/s. CREATIVE GRAPHIC PRINTS,Trends Catchment Coupon May-June 26,TO39,TST Dharapuram,310112840,"ART PAPER, 4X2.5IN, 130GSM 4+4 COL",49111010,0.25,6500,0,6500,1625,Full,1625,TST,17,Less than 30 Days
5166398968,11.05.2026,30.06.2026,11107383,M/s. CREATIVE GRAPHIC PRINTS,Trends Catchment Coupon May-June 26,TM07,Trichy Main road,310112840,"ART PAPER, 4X2.5IN, 130GSM 4+4 COL",49111010,0.25,6500,0,6500,1625,Full,1625,TST,17,Less than 30 Days
5166398968,11.05.2026,30.06.2026,11107383,M/s. CREATIVE GRAPHIC PRINTS,Trends Catchment Coupon May-June 26,TLB5,TW-SARAVANAMPATTI,310112840,"ART PAPER, 4X2.5IN, 130GSM 4+4 COL",49111010,0.25,16000,0,16000,4000,Full,4000,WIW,17,Less than 30 Days
5166398968,11.05.2026,30.06.2026,11107383,M/s. CREATIVE GRAPHIC PRINTS,Trends Catchment Coupon May-June 26,TL3N,RRL Trends Kumarapalayam KMS Complex,310112840,"ART PAPER, 4X2.5IN, 130GSM 4+4 COL",49111010,0.25,30000,0,30000,7500,Full,7500,Trends,17,Less than 30 Days
5166398968,11.05.2026,30.06.2026,11107383,M/s. CREATIVE GRAPHIC PRINTS,Trends Catchment Coupon May-June 26,TKB7,RRL TST Sankagiri,310112840,"ART PAPER, 4X2.5IN, 130GSM 4+4 COL",49111010,0.25,6500,0,6500,1625,Full,1625,TST,17,Less than 30 Days
5166398968,11.05.2026,30.06.2026,11107383,M/s. CREATIVE GRAPHIC PRINTS,Trends Catchment Coupon May-June 26,TJQ6,RRL TW-KUMARAN ROAD,310112840,"ART PAPER, 4X2.5IN, 130GSM 4+4 COL",49111010,0.25,16000,0,16000,4000,Full,4000,WIW,17,Less than 30 Days
5166398968,11.05.2026,30.06.2026,11107383,M/s. CREATIVE GRAPHIC PRINTS,Trends Catchment Coupon May-June 26,TJQ1,RRL TJ-IYER BUNGLOW,310112840,"ART PAPER, 4X2.5IN, 130GSM 4+4 COL",49111010,0.25,16000,0,16000,4000,Full,4000,Junior,17,Less than 30 Days
5166398968,11.05.2026,30.06.2026,11107383,M/s. CREATIVE GRAPHIC PRINTS,Trends Catchment Coupon May-June 26,TJQ0,RRL TJ-MEYYANUR ROAD,310112840,"ART PAPER, 4X2.5IN, 130GSM 4+4 COL",49111010,0.25,16000,0,16000,4000,Full,4000,Junior,17,Less than 30 Days
5166398968,11.05.2026,30.06.2026,11107383,M/s. CREATIVE GRAPHIC PRINTS,Trends Catchment Coupon May-June 26,TJM7,RRL TM-MEYYANUR ROAD,310112840,"ART PAPER, 4X2.5IN, 130GSM 4+4 COL",49111010,0.25,16000,0,16000,4000,Full,4000,Man,17,Less than 30 Days
5166398968,11.05.2026,30.06.2026,11107383,M/s. CREATIVE GRAPHIC PRINTS,Trends Catchment Coupon May-June 26,TJ4E,RRL Trends Chennai D R Complex,310112840,"ART PAPER, 4X2.5IN, 130GSM 4+4 COL",49111010,0.25,30000,0,30000,7500,Full,7500,Trends,17,Less than 30 Days
5166398968,11.05.2026,30.06.2026,11107383,M/s. CREATIVE GRAPHIC PRINTS,Trends Catchment Coupon May-June 26,TJ2Z,RRL TST Chengalpet,310112840,"ART PAPER, 4X2.5IN, 130GSM 4+4 COL",49111010,0.25,6500,0,6500,1625,Full,1625,TST,17,Less than 30 Days
5166398968,11.05.2026,30.06.2026,11107383,M/s. CREATIVE GRAPHIC PRINTS,Trends Catchment Coupon May-June 26,TFK9,TW-REDHILLS,310112840,"ART PAPER, 4X2.5IN, 130GSM 4+4 COL",49111010,0.25,16000,0,16000,4000,Full,4000,WIW,17,Less than 30 Days
5166398968,11.05.2026,30.06.2026,11107383,M/s. CREATIVE GRAPHIC PRINTS,Trends Catchment Coupon May-June 26,TED4,RRL TST Periyanaickenpalayam,310112840,"ART PAPER, 4X2.5IN, 130GSM 4+4 COL",49111010,0.25,6500,0,6500,1625,Full,1625,TST,17,Less than 30 Days
5166398968,11.05.2026,30.06.2026,11107383,M/s. CREATIVE GRAPHIC PRINTS,Trends Catchment Coupon May-June 26,TEA6,RRL Trends Chennai Krishna Ngr,310112840,"ART PAPER, 4X2.5IN, 130GSM 4+4 COL",49111010,0.25,30000,0,30000,7500,Full,7500,Trends,17,Less than 30 Days
5166398968,11.05.2026,30.06.2026,11107383,M/s. CREATIVE GRAPHIC PRINTS,Trends Catchment Coupon May-June 26,TDZ5,RRL TST Thiruparankundram,310112840,"ART PAPER, 4X2.5IN, 130GSM 4+4 COL",49111010,0.25,6500,0,6500,1625,Full,1625,TST,17,Less than 30 Days
5166398968,11.05.2026,30.06.2026,11107383,M/s. CREATIVE GRAPHIC PRINTS,Trends Catchment Coupon May-June 26,TCV4,RRL TST Kangeyam,310112840,"ART PAPER, 4X2.5IN, 130GSM 4+4 COL",49111010,0.25,6500,0,6500,1625,Full,1625,TST,17,Less than 30 Days
5166398968,11.05.2026,30.06.2026,11107383,M/s. CREATIVE GRAPHIC PRINTS,Trends Catchment Coupon May-June 26,TAZZ,RRL TST Uthukkottai,310112840,"ART PAPER, 4X2.5IN, 130GSM 4+4 COL",49111010,0.25,6500,0,6500,1625,Full,1625,TST,17,Less than 30 Days
5166398968,11.05.2026,30.06.2026,11107383,M/s. CREATIVE GRAPHIC PRINTS,Trends Catchment Coupon May-June 26,TAB5,RRL TST Tirukoilur,310112840,"ART PAPER, 4X2.5IN, 130GSM 4+4 COL",49111010,0.25,6500,0,6500,1625,Full,1625,TST,17,Less than 30 Days
5166398968,11.05.2026,30.06.2026,11107383,M/s. CREATIVE GRAPHIC PRINTS,Trends Catchment Coupon May-June 26,TA11,"Sai Baba Colony, NSR Road",310112840,"ART PAPER, 4X2.5IN, 130GSM 4+4 COL",49111010,0.25,16000,0,16000,4000,Full,4000,WIW,17,Less than 30 Days
5166398968,11.05.2026,30.06.2026,11107383,M/s. CREATIVE GRAPHIC PRINTS,Trends Catchment Coupon May-June 26,T9CL,RRL Trends Woman Tanjore P.R.Plaza,310112840,"ART PAPER, 4X2.5IN, 130GSM 4+4 COL",49111010,0.25,16000,0,16000,4000,Full,4000,WIW,17,Less than 30 Days
5166398968,11.05.2026,30.06.2026,11107383,M/s. CREATIVE GRAPHIC PRINTS,Trends Catchment Coupon May-June 26,T7JE,RRL TW Thanjavur Langval Mall ABV Avenue,310112840,"ART PAPER, 4X2.5IN, 130GSM 4+4 COL",49111010,0.25,16000,0,16000,4000,Full,4000,WIW,17,Less than 30 Days
5166398968,11.05.2026,30.06.2026,11107383,M/s. CREATIVE GRAPHIC PRINTS,Trends Catchment Coupon May-June 26,T41K,RRL TST Melur,310112840,"ART PAPER, 4X2.5IN, 130GSM 4+4 COL",49111010,0.25,6500,0,6500,1625,Full,1625,TST,17,Less than 30 Days
5166398968,11.05.2026,30.06.2026,11107383,M/s. CREATIVE GRAPHIC PRINTS,Trends Catchment Coupon May-June 26,T41J,RRL TST Kotagiri,310112840,"ART PAPER, 4X2.5IN, 130GSM 4+4 COL",49111010,0.25,6500,0,6500,1625,Full,1625,TST,17,Less than 30 Days
5166398968,11.05.2026,30.06.2026,11107383,M/s. CREATIVE GRAPHIC PRINTS,Trends Catchment Coupon May-June 26,T35G,RRL TST Sathiyamangalam,310112840,"ART PAPER, 4X2.5IN, 130GSM 4+4 COL",49111010,0.25,6500,0,6500,1625,Full,1625,TST,17,Less than 30 Days
5166398968,11.05.2026,30.06.2026,11107383,M/s. CREATIVE GRAPHIC PRINTS,Trends Catchment Coupon May-June 26,T27S,RRL Trends Chennai Sangeetha Kalyana Mah,310112840,"ART PAPER, 4X2.5IN, 130GSM 4+4 COL",49111010,0.25,30000,0,30000,7500,Full,7500,Trends,17,Less than 30 Days
5166398968,11.05.2026,30.06.2026,11107383,M/s. CREATIVE GRAPHIC PRINTS,Trends Catchment Coupon May-June 26,F1PB,RRL TW Arcot Arcot,310112840,"ART PAPER, 4X2.5IN, 130GSM 4+4 COL",49111010,0.25,16000,0,16000,4000,Full,4000,WIW,17,Less than 30 Days
5168143585,15.05.2026,30.06.2026,11105735,Sign Ocean,TSF - Shopping Bag May 26,TJM1,RRL TW-JN STREET,310116553,BL FLEX ECOSOLVENT PRINTS (STAR),49111010,43.5,90,0,90,3915,Full,3915,WIW,14,Less than 30 Days
5168143585,15.05.2026,30.06.2026,11105735,Sign Ocean,TSF - Shopping Bag May 26,TJM1,RRL TW-JN STREET,310116550,FL ECO SOLVENT FLEX BLACK BK PRNS STAR,49111010,30.5,41,0,41,1250.5,Full,1250.5,WIW,14,Less than 30 Days
5168143586,15.05.2026,30.06.2026,32700244,BLUE SKY,TSF - Shopping Bag May 26,TY30,RRL Trends DHARMAPURAM,310116553,BL FLEX ECOSOLVENT PRINTS (STAR),49111010,43.5,80,0,80,3480,Full,3480,Trends,14,Less than 30 Days
5168143586,15.05.2026,30.06.2026,32700244,BLUE SKY,TSF - Shopping Bag May 26,TX4K,RRL TST Aruppukottai,310116553,BL FLEX ECOSOLVENT PRINTS (STAR),49111010,43.5,120,0,120,5220,Full,5220,TST,14,Less than 30 Days
5168143586,15.05.2026,30.06.2026,32700244,BLUE SKY,TSF - Shopping Bag May 26,TX42,RRL Trends Coimbatore Vadavalli,310116553,BL FLEX ECOSOLVENT PRINTS (STAR),49111010,43.5,80,0,80,3480,Full,3480,Trends,14,Less than 30 Days
5168143586,15.05.2026,30.06.2026,32700244,BLUE SKY,TSF - Shopping Bag May 26,TW45,RRL TW-MEYYANUR ROAD,310116553,BL FLEX ECOSOLVENT PRINTS (STAR),49111010,43.5,80,0,80,3480,Full,3480,WIW,14,Less than 30 Days
5168143586,15.05.2026,30.06.2026,32700244,BLUE SKY,TSF - Shopping Bag May 26,TV43,RRL Trends Trichy Srirangam,310116553,BL FLEX ECOSOLVENT PRINTS (STAR),49111010,43.5,120,0,120,5220,Full,5220,Trends,14,Less than 30 Days
5168143586,15.05.2026,30.06.2026,32700244,BLUE SKY,TSF - Shopping Bag May 26,TSP1,RRL Trends Thanjavur,310116553,BL FLEX ECOSOLVENT PRINTS (STAR),49111010,43.5,120,0,120,5220,Full,5220,Trends,14,Less than 30 Days
5168143586,15.05.2026,30.06.2026,32700244,BLUE SKY,TSF - Shopping Bag May 26,TOB2,RRL Trends Coimbatore,310116553,BL FLEX ECOSOLVENT PRINTS (STAR),49111010,43.5,80,0,80,3480,Full,3480,Trends,14,Less than 30 Days
5168143586,15.05.2026,30.06.2026,32700244,BLUE SKY,TSF - Shopping Bag May 26,TGV5,RRL Trends Theni,310116553,BL FLEX ECOSOLVENT PRINTS (STAR),49111010,43.5,120,0,120,5220,Full,5220,Trends,14,Less than 30 Days
5168143586,15.05.2026,30.06.2026,32700244,BLUE SKY,TSF - Shopping Bag May 26,TGC5,RRL Trends Tirunelveli,310116553,BL FLEX ECOSOLVENT PRINTS (STAR),49111010,43.5,120,0,120,5220,Full,5220,Trends,14,Less than 30 Days
5168143586,15.05.2026,30.06.2026,32700244,BLUE SKY,TSF - Shopping Bag May 26,TG8W,RRL Trends Madurai Reliance Trends,310116553,BL FLEX ECOSOLVENT PRINTS (STAR),49111010,43.5,120,0,120,5220,Full,5220,Trends,14,Less than 30 Days
5168143586,15.05.2026,30.06.2026,32700244,BLUE SKY,TSF - Shopping Bag May 26,TG0D,RRL Trends Ramanathapuram Mandapam,310116553,BL FLEX ECOSOLVENT PRINTS (STAR),49111010,43.5,120,0,120,5220,Full,5220,Trends,14,Less than 30 Days
5168143586,15.05.2026,30.06.2026,32700244,BLUE SKY,TSF - Shopping Bag May 26,TFM9,RRL TST Tenkasi,310116553,BL FLEX ECOSOLVENT PRINTS (STAR),49111010,43.5,120,0,120,5220,Full,5220,TST,14,Less than 30 Days
5168143586,15.05.2026,30.06.2026,32700244,BLUE SKY,TSF - Shopping Bag May 26,T9IV,RRL TST Ambasamudram,310116553,BL FLEX ECOSOLVENT PRINTS (STAR),49111010,43.5,120,0,120,5220,Full,5220,TST,14,Less than 30 Days
5168143586,15.05.2026,30.06.2026,32700244,BLUE SKY,TSF - Shopping Bag May 26,T956,"VOC Road, Cantonment",310116553,BL FLEX ECOSOLVENT PRINTS (STAR),49111010,43.5,120,0,120,5220,Full,5220,Trends,14,Less than 30 Days
5168143586,15.05.2026,30.06.2026,32700244,BLUE SKY,TSF - Shopping Bag May 26,T847,Thudiyalur,310116553,BL FLEX ECOSOLVENT PRINTS (STAR),49111010,43.5,80,0,80,3480,Full,3480,Trends,14,Less than 30 Days
5168143586,15.05.2026,30.06.2026,32700244,BLUE SKY,TSF - Shopping Bag May 26,T1HB,RRL Trends Tuticorin Town,310116553,BL FLEX ECOSOLVENT PRINTS (STAR),49111010,43.5,120,0,120,5220,Full,5220,Trends,14,Less than 30 Days
5168143586,15.05.2026,30.06.2026,32700244,BLUE SKY,TSF - Shopping Bag May 26,T0N8,RRL Trends Coimbatore VMS Arcade,310116553,BL FLEX ECOSOLVENT PRINTS (STAR),49111010,43.5,80,0,80,3480,Full,3480,Trends,14,Less than 30 Days
5168143586,15.05.2026,30.06.2026,32700244,BLUE SKY,TSF - Shopping Bag May 26,9654,"T.V Samy Road, R.S Puram",310116553,BL FLEX ECOSOLVENT PRINTS (STAR),49111010,43.5,80,0,80,3480,Full,3480,WIW,14,Less than 30 Days
5168143586,15.05.2026,30.06.2026,32700244,BLUE SKY,TSF - Shopping Bag May 26,9518,Pudukottai Main Road,310116553,BL FLEX ECOSOLVENT PRINTS (STAR),49111010,43.5,120,0,120,5220,Full,5220,Trends,14,Less than 30 Days
5168143586,15.05.2026,30.06.2026,32700244,BLUE SKY,TSF - Shopping Bag May 26,8118,Sal center,310116553,BL FLEX ECOSOLVENT PRINTS (STAR),49111010,43.5,120,0,120,5220,Full,5220,Trends,14,Less than 30 Days
5168143586,15.05.2026,30.06.2026,32700244,BLUE SKY,TSF - Shopping Bag May 26,8116,RTL Karur Store,310116553,BL FLEX ECOSOLVENT PRINTS (STAR),49111010,43.5,80,0,80,3480,Full,3480,Trends,14,Less than 30 Days
5168143586,15.05.2026,30.06.2026,32700244,BLUE SKY,TSF - Shopping Bag May 26,5965,New Scheme road,310116553,BL FLEX ECOSOLVENT PRINTS (STAR),49111010,43.5,80,0,80,3480,Full,3480,Trends,14,Less than 30 Days
5168143586,15.05.2026,30.06.2026,32700244,BLUE SKY,TSF - Shopping Bag May 26,1930,"RIL MALL , Tirunelvelli",310116553,BL FLEX ECOSOLVENT PRINTS (STAR),49111010,43.5,120,0,120,5220,Full,5220,Trends,14,Less than 30 Days
5168143584,15.05.2026,30.06.2026,11105735,Sign Ocean,TSF - Shopping Bag May 26,TW17,RRL Trends Chennai OMR,310116553,BL FLEX ECOSOLVENT PRINTS (STAR),49111010,43.5,90,0,90,3915,Full,3915,Trends,14,Less than 30 Days
5168143584,15.05.2026,30.06.2026,11105735,Sign Ocean,TSF - Shopping Bag May 26,TW17,RRL Trends Chennai OMR,310116550,FL ECO SOLVENT FLEX BLACK BK PRNS STAR,49111010,30.5,41,0,41,1250.5,Full,1250.5,Trends,14,Less than 30 Days
5168143584,15.05.2026,30.06.2026,11105735,Sign Ocean,TSF - Shopping Bag May 26,TMK5,RRL TW Moulivakkam,310116553,BL FLEX ECOSOLVENT PRINTS (STAR),49111010,43.5,90,0,90,3915,Full,3915,WIW,14,Less than 30 Days
5168143584,15.05.2026,30.06.2026,11105735,Sign Ocean,TSF - Shopping Bag May 26,TMK5,RRL TW Moulivakkam,310116550,FL ECO SOLVENT FLEX BLACK BK PRNS STAR,49111010,30.5,41,0,41,1250.5,Full,1250.5,WIW,14,Less than 30 Days
5168143584,15.05.2026,30.06.2026,11105735,Sign Ocean,TSF - Shopping Bag May 26,TH36,RRL Trends Guduvancherry Chenn,310116553,BL FLEX ECOSOLVENT PRINTS (STAR),49111010,43.5,90,0,90,3915,Full,3915,Trends,14,Less than 30 Days
5168143584,15.05.2026,30.06.2026,11105735,Sign Ocean,TSF - Shopping Bag May 26,TH36,RRL Trends Guduvancherry Chenn,310116550,FL ECO SOLVENT FLEX BLACK BK PRNS STAR,49111010,30.5,41,0,41,1250.5,Full,1250.5,Trends,14,Less than 30 Days
5168143584,15.05.2026,30.06.2026,11105735,Sign Ocean,TSF - Shopping Bag May 26,TDX6,RRL Trends Chennai ECR,310116553,BL FLEX ECOSOLVENT PRINTS (STAR),49111010,43.5,90,0,90,3915,Full,3915,Trends,14,Less than 30 Days
5168143584,15.05.2026,30.06.2026,11105735,Sign Ocean,TSF - Shopping Bag May 26,TDX6,RRL Trends Chennai ECR,310116550,FL ECO SOLVENT FLEX BLACK BK PRNS STAR,49111010,30.5,41,0,41,1250.5,Full,1250.5,Trends,14,Less than 30 Days
5168143584,15.05.2026,30.06.2026,11105735,Sign Ocean,TSF - Shopping Bag May 26,TA12,"RIL Mall, Iyyapanthangal",310116553,BL FLEX ECOSOLVENT PRINTS (STAR),49111010,43.5,90,0,90,3915,Full,3915,Trends,14,Less than 30 Days
5168143584,15.05.2026,30.06.2026,11105735,Sign Ocean,TSF - Shopping Bag May 26,TA12,"RIL Mall, Iyyapanthangal",310116550,FL ECO SOLVENT FLEX BLACK BK PRNS STAR,49111010,30.5,41,0,41,1250.5,Full,1250.5,Trends,14,Less than 30 Days
5168143584,15.05.2026,30.06.2026,11105735,Sign Ocean,TSF - Shopping Bag May 26,T508,"Redhills Road, Ambattur",310116553,BL FLEX ECOSOLVENT PRINTS (STAR),49111010,43.5,90,0,90,3915,Full,3915,WIW,14,Less than 30 Days
5168143584,15.05.2026,30.06.2026,11105735,Sign Ocean,TSF - Shopping Bag May 26,T508,"Redhills Road, Ambattur",310116550,FL ECO SOLVENT FLEX BLACK BK PRNS STAR,49111010,30.5,41,0,41,1250.5,Full,1250.5,WIW,14,Less than 30 Days
5168143584,15.05.2026,30.06.2026,11105735,Sign Ocean,TSF - Shopping Bag May 26,9653,Mogappair West,310116553,BL FLEX ECOSOLVENT PRINTS (STAR),49111010,43.5,90,0,90,3915,Full,3915,Trends,14,Less than 30 Days
5168143584,15.05.2026,30.06.2026,11105735,Sign Ocean,TSF - Shopping Bag May 26,9653,Mogappair West,310116550,FL ECO SOLVENT FLEX BLACK BK PRNS STAR,49111010,30.5,41,0,41,1250.5,Full,1250.5,Trends,14,Less than 30 Days
5168143584,15.05.2026,30.06.2026,11105735,Sign Ocean,TSF - Shopping Bag May 26,9428,Velachery Main Road,310116553,BL FLEX ECOSOLVENT PRINTS (STAR),49111010,43.5,90,0,90,3915,Full,3915,Trends,14,Less than 30 Days
5168143584,15.05.2026,30.06.2026,11105735,Sign Ocean,TSF - Shopping Bag May 26,9428,Velachery Main Road,310116550,FL ECO SOLVENT FLEX BLACK BK PRNS STAR,49111010,30.5,41,0,41,1250.5,Full,1250.5,Trends,14,Less than 30 Days
5168143584,15.05.2026,30.06.2026,11105735,Sign Ocean,TSF - Shopping Bag May 26,8113,Thiruvanmiyur,310116553,BL FLEX ECOSOLVENT PRINTS (STAR),49111010,43.5,90,0,90,3915,Full,3915,Trends,14,Less than 30 Days
5168143584,15.05.2026,30.06.2026,11105735,Sign Ocean,TSF - Shopping Bag May 26,8113,Thiruvanmiyur,310116550,FL ECO SOLVENT FLEX BLACK BK PRNS STAR,49111010,30.5,41,0,41,1250.5,Full,1250.5,Trends,14,Less than 30 Days
5168143584,15.05.2026,30.06.2026,11105735,Sign Ocean,TSF - Shopping Bag May 26,8111,"TH Road, Chennai",310116553,BL FLEX ECOSOLVENT PRINTS (STAR),49111010,43.5,90,0,90,3915,Full,3915,Trends,14,Less than 30 Days
5168143584,15.05.2026,30.06.2026,11105735,Sign Ocean,TSF - Shopping Bag May 26,8111,"TH Road, Chennai",310116550,FL ECO SOLVENT FLEX BLACK BK PRNS STAR,49111010,30.5,41,0,41,1250.5,Full,1250.5,Trends,14,Less than 30 Days
5168143584,15.05.2026,30.06.2026,11105735,Sign Ocean,TSF - Shopping Bag May 26,8109,"Gandhinagar, Adayar, Chennai",310116553,BL FLEX ECOSOLVENT PRINTS (STAR),49111010,43.5,90,0,90,3915,Full,3915,Trends,14,Less than 30 Days
5168143584,15.05.2026,30.06.2026,11105735,Sign Ocean,TSF - Shopping Bag May 26,8109,"Gandhinagar, Adayar, Chennai",310116550,FL ECO SOLVENT FLEX BLACK BK PRNS STAR,49111010,30.5,41,0,41,1250.5,Full,1250.5,Trends,14,Less than 30 Days
5168143584,15.05.2026,30.06.2026,11105735,Sign Ocean,TSF - Shopping Bag May 26,8108,CTH Rd,310116553,BL FLEX ECOSOLVENT PRINTS (STAR),49111010,43.5,90,0,90,3915,Full,3915,Trends,14,Less than 30 Days
5168143584,15.05.2026,30.06.2026,11105735,Sign Ocean,TSF - Shopping Bag May 26,8108,CTH Rd,310116550,FL ECO SOLVENT FLEX BLACK BK PRNS STAR,49111010,30.5,41,0,41,1250.5,Full,1250.5,Trends,14,Less than 30 Days
5168143584,15.05.2026,30.06.2026,11105735,Sign Ocean,TSF - Shopping Bag May 26,8107,Chrompet ,310116553,BL FLEX ECOSOLVENT PRINTS (STAR),49111010,43.5,90,0,90,3915,Full,3915,Trends,14,Less than 30 Days
5168143584,15.05.2026,30.06.2026,11105735,Sign Ocean,TSF - Shopping Bag May 26,8107,Chrompet ,310116550,FL ECO SOLVENT FLEX BLACK BK PRNS STAR,49111010,30.5,41,0,41,1250.5,Full,1250.5,Trends,14,Less than 30 Days
5168143584,15.05.2026,30.06.2026,11105735,Sign Ocean,TSF - Shopping Bag May 26,5748,Santhi Colony Annanagar,310116553,BL FLEX ECOSOLVENT PRINTS (STAR),49111010,43.5,90,0,90,3915,Full,3915,Trends,14,Less than 30 Days
5168143584,15.05.2026,30.06.2026,11105735,Sign Ocean,TSF - Shopping Bag May 26,5748,Santhi Colony Annanagar,310116550,FL ECO SOLVENT FLEX BLACK BK PRNS STAR,49111010,30.5,41,0,41,1250.5,Full,1250.5,Trends,14,Less than 30 Days
5168537840,18.05.2026,31.07.2026,11100479,S Media Solutions,Bulk head Display at Express Avenue,TAV7,RRL Trends Chennai Express Avenue,310116553,BL FLEX ECOSOLVENT PRINTS (STAR),49111010,43.5,200,0,200,8700,Full,8700,Trends,7,Less than 30 Days